,CancelType,CleanupType,ExecutionStarted,CancelRegistered,CancelInitiated,ExecutionFinished,CancelDelayMs,ExecutionTimeMs
0,AtomicEnum,ErrorReturn,1754233597217534790,,,1754233624991526240,,27773.99145
1,AtomicEnum,ErrorReturn,1754233624991539948,,,1754233651815314839,,26823.774891
2,AtomicEnum,ErrorReturn,1754233651815321237,,,1754233677566451367,,25751.13013
3,AtomicEnum,ErrorReturn,1754233677566457179,,,1754233703402759717,,25836.302538
4,AtomicEnum,ErrorReturn,1754233703402765682,,,1754233729180967268,,25778.201586
5,AtomicEnum,ErrorReturn,1754233729180973409,,,1754233754922061263,,25741.087854
6,AtomicEnum,ErrorReturn,1754233754922068103,,,1754233781670554257,,26748.486154
7,AtomicEnum,ErrorReturn,1754233781670559452,,,1754233807889707889,,26219.148437
8,AtomicEnum,ErrorReturn,1754233807889714575,,,1754233834110406363,,26220.691788
9,AtomicEnum,ErrorReturn,1754233834110413200,,,1754233861679539162,,27569.125962
10,AtomicEnum,ErrorReturn,1754233861679546063,,,1754233888678119008,,26998.572945
11,AtomicEnum,ErrorReturn,1754233888678124454,,,1754233915399604983,,26721.480529
12,AtomicEnum,ErrorReturn,1754233915399611492,,,1754233942498056015,,27098.444523
13,AtomicEnum,ErrorReturn,1754233942498062349,,,1754233968934519122,,26436.456773
14,AtomicEnum,ErrorReturn,1754233968934525151,,,1754233994741304143,,25806.778992
15,AtomicEnum,ErrorReturn,1754233994741310869,,,1754234020496629613,,25755.318744
16,AtomicEnum,ErrorReturn,1754234020496641006,,,1754234047111364347,,26614.723341
17,AtomicEnum,ErrorReturn,1754234047111370195,,,1754234073470361052,,26358.990857
18,AtomicEnum,ErrorReturn,1754234073470367019,,,1754234099908156491,,26437.789472
19,AtomicEnum,ErrorReturn,1754234099908160401,,,1754234126581350714,,26673.190313
20,AtomicEnum,ErrorReturn,1754234126581358965,,,1754234153491628466,,26910.269501
21,AtomicEnum,ErrorReturn,1754234153491635149,,,1754234179470426209,,25978.79106
22,AtomicEnum,ErrorReturn,1754234179470432272,,,1754234205550976780,,26080.544508
23,AtomicEnum,ErrorReturn,1754234205550984454,,,1754234232428181522,,26877.197068
24,AtomicEnum,ErrorReturn,1754234232428187401,,,1754234259348123335,,26919.935934
25,AtomicEnum,ErrorReturn,1754234259348129729,,,1754234285968181190,,26620.051461
26,AtomicEnum,ErrorReturn,1754234285968189423,,,1754234312814479311,,26846.289888
27,AtomicEnum,ErrorReturn,1754234312814486698,,,1754234339446232945,,26631.746247
28,AtomicEnum,ErrorReturn,1754234339446238895,,,1754234366197342527,,26751.103632
29,AtomicEnum,ErrorReturn,1754234366197350315,,,1754234392965120127,,26767.769812
30,AtomicEnum,ErrorReturn,1754234392965127421,,,1754234419805680527,,26840.553106
31,AtomicEnum,ErrorReturn,1754234419805691343,,,1754234446641392610,,26835.701267
32,AtomicEnum,ErrorReturn,1754234446641398363,,,1754234473726295102,,27084.896739
33,AtomicEnum,ErrorReturn,1754234473726302201,,,1754234500874392503,,27148.090302
34,AtomicEnum,ErrorReturn,1754234500874399526,,,1754234527685874976,,26811.47545
35,AtomicEnum,ErrorReturn,1754234527685881102,,,1754234554264388844,,26578.507742
36,AtomicEnum,ErrorReturn,1754234554264395343,,,1754234579920975364,,25656.580021
37,AtomicEnum,ErrorReturn,1754234579920979489,,,1754234605643414661,,25722.435172
38,AtomicEnum,ErrorReturn,1754234605643420589,,,1754234631463534205,,25820.113616
39,AtomicEnum,ErrorReturn,1754234631463540944,,,1754234657240440631,,25776.899687
40,AtomicEnum,ErrorReturn,1754234657240446700,,,1754234684212444359,,26971.997659
41,AtomicEnum,ErrorReturn,1754234684212455969,,,1754234711450429441,,27237.973472
42,AtomicEnum,ErrorReturn,1754234711450436248,,,1754234738264817582,,26814.381334
43,AtomicEnum,ErrorReturn,1754234738264824042,,,1754234764975289870,,26710.465828
44,AtomicEnum,ErrorReturn,1754234764975296800,,,1754234791735452399,,26760.155599
45,AtomicEnum,ErrorReturn,1754234791735457737,,,1754234818512784243,,26777.326506
46,AtomicEnum,ErrorReturn,1754234818512790856,,,1754234845835635750,,27322.844894
47,AtomicEnum,ErrorReturn,1754234845835640660,,,1754234874550125376,,28714.484716
48,AtomicEnum,ErrorReturn,1754234874550131874,,,1754234901479227811,,26929.095937
49,AtomicEnum,ErrorReturn,1754234901479233708,,,1754234928236196525,,26756.962817
50,AtomicEnum,ErrorReturn,1754234928236201937,,,1754234954906213735,,26670.011798
51,AtomicEnum,ErrorReturn,1754234954906217473,,,1754234981690547765,,26784.330292
52,AtomicEnum,ErrorReturn,1754234981690551977,,,1754235009154401715,,27463.849738
53,AtomicEnum,ErrorReturn,1754235009154407761,,,1754235036325603730,,27171.195969
54,AtomicEnum,ErrorReturn,1754235036325611447,,,1754235063439210196,,27113.598749
55,AtomicEnum,ErrorReturn,1754235063439215882,,,1754235089774417755,,26335.201873
56,AtomicEnum,ErrorReturn,1754235089774424512,,,1754235115896410881,,26121.986369
57,AtomicEnum,ErrorReturn,1754235115896416664,,,1754235141965014665,,26068.598001
58,AtomicEnum,ErrorReturn,1754235141965020477,,,1754235168539013988,,26573.993511
59,AtomicEnum,ErrorReturn,1754235168539018678,,,1754235194703985133,,26164.966455
60,AtomicEnum,ErrorReturn,1754235194703992314,,,1754235221154911908,,26450.919594
61,AtomicEnum,ErrorReturn,1754235221154919188,,,1754235247864135722,,26709.216534
62,AtomicEnum,ErrorReturn,1754235247864141868,,,1754235274561853041,,26697.711173
63,AtomicEnum,ErrorReturn,1754235274561860147,,,1754235301316185973,,26754.325826
64,AtomicEnum,ErrorReturn,1754235301316193337,,,1754235327458911230,,26142.717893
65,AtomicEnum,ErrorReturn,1754235327458916599,,,1754235353040758151,,25581.841552
66,AtomicEnum,ErrorReturn,1754235353040764893,,,1754235378722178544,,25681.413651
67,AtomicEnum,ErrorReturn,1754235378722190744,,,1754235404457849182,,25735.658438
68,AtomicEnum,ErrorReturn,1754235404457853937,,,1754235430373283464,,25915.429527
69,AtomicEnum,ErrorReturn,1754235430373290233,,,1754235456229416867,,25856.126634
70,AtomicEnum,ErrorReturn,1754235456229423083,,,1754235481979002760,,25749.579677
71,AtomicEnum,ErrorReturn,1754235481979009067,,,1754235507674201832,,25695.192765
72,AtomicEnum,ErrorReturn,1754235507674208105,,,1754235533425021030,,25750.812925
73,AtomicEnum,ErrorReturn,1754235533425027720,,,1754235559883631453,,26458.603733
74,AtomicEnum,ErrorReturn,1754235559883638022,,,1754235585686898017,,25803.259995
75,AtomicEnum,ErrorReturn,1754235585686904779,,,1754235611805577632,,26118.672853
76,AtomicEnum,ErrorReturn,1754235611805583664,,,1754235638053611457,,26248.027793
77,AtomicEnum,ErrorReturn,1754235638053618386,,,1754235664141133631,,26087.515245
78,AtomicEnum,ErrorReturn,1754235664141139797,,,1754235690948449648,,26807.309851
79,AtomicEnum,ErrorReturn,1754235690948454981,,,1754235718389464395,,27441.009414
80,AtomicEnum,ErrorReturn,1754235718389469602,,,1754235744164495752,,25775.02615
81,AtomicEnum,ErrorReturn,1754235744164501952,,,1754235770373836973,,26209.335021
82,AtomicEnum,ErrorReturn,1754235770373843667,,,1754235796702448936,,26328.605269
83,AtomicEnum,ErrorReturn,1754235796702455112,,,1754235822370856168,,25668.401056
84,AtomicEnum,ErrorReturn,1754235822370862758,,,1754235848089792794,,25718.930036
85,AtomicEnum,ErrorReturn,1754235848089798173,,,1754235875348118001,,27258.319828
86,AtomicEnum,ErrorReturn,1754235875348124349,,,1754235902234361763,,26886.237414
87,AtomicEnum,ErrorReturn,1754235902234367474,,,1754235928931155534,,26696.78806
88,AtomicEnum,ErrorReturn,1754235928931162435,,,1754235955602906304,,26671.743869
89,AtomicEnum,ErrorReturn,1754235955602912344,,,1754235981989934806,,26387.022462
90,AtomicEnum,ErrorReturn,1754235981989941443,,,1754236008523701879,,26533.760436
91,AtomicEnum,ErrorReturn,1754236008523707634,,,1754236034137419225,,25613.711591
92,AtomicEnum,ErrorReturn,1754236034137454648,,,1754236059985892751,,25848.438103
93,AtomicEnum,ErrorReturn,1754236059985899240,,,1754236085830289307,,25844.390067
94,AtomicEnum,ErrorReturn,1754236085830295622,,,1754236111872160299,,26041.864677
95,AtomicEnum,ErrorReturn,1754236111872167448,,,1754236138056107075,,26183.939627
96,AtomicEnum,ErrorReturn,1754236138056113663,,,1754236163819489159,,25763.375496
97,AtomicEnum,ErrorReturn,1754236163819494818,,,1754236190691881238,,26872.38642
98,AtomicEnum,ErrorReturn,1754236190691887328,,,1754236217513882924,,26821.995596
99,AtomicEnum,ErrorReturn,1754236217513888953,,,1754236246073528689,,28559.639736
500,AtomicEnum,Exception,1754236901876064632,,,1754236927413939540,,25537.874908
501,AtomicEnum,Exception,1754236927413946808,,,1754236954021067512,,26607.120704
502,AtomicEnum,Exception,1754236954021075125,,,1754236982690436765,,28669.36164
503,AtomicEnum,Exception,1754236982690443886,,,1754237010689506812,,27999.062926
504,AtomicEnum,Exception,1754237010689513227,,,1754237037052338056,,26362.824829
505,AtomicEnum,Exception,1754237037052345579,,,1754237062533235092,,25480.889513
506,AtomicEnum,Exception,1754237062533242074,,,1754237088089360736,,25556.118662
507,AtomicEnum,Exception,1754237088089367184,,,1754237113652742476,,25563.375292
508,AtomicEnum,Exception,1754237113652748899,,,1754237139943555312,,26290.806413
509,AtomicEnum,Exception,1754237139943563773,,,1754237166645044688,,26701.480915
510,AtomicEnum,Exception,1754237166645051725,,,1754237194350661885,,27705.61016
511,AtomicEnum,Exception,1754237194350669183,,,1754237222490267366,,28139.598183
512,AtomicEnum,Exception,1754237222490273821,,,1754237250221511789,,27731.237968
513,AtomicEnum,Exception,1754237250221519607,,,1754237276114823988,,25893.304381
514,AtomicEnum,Exception,1754237276114831588,,,1754237301605380463,,25490.548875
515,AtomicEnum,Exception,1754237301605387411,,,1754237327178587267,,25573.199856
516,AtomicEnum,Exception,1754237327178593814,,,1754237353523915665,,26345.321851
517,AtomicEnum,Exception,1754237353523922276,,,1754237379856507468,,26332.585192
518,AtomicEnum,Exception,1754237379856517137,,,1754237406429373876,,26572.856739
519,AtomicEnum,Exception,1754237406429381324,,,1754237432791504712,,26362.123388
520,AtomicEnum,Exception,1754237432791514047,,,1754237459068141278,,26276.627231
521,AtomicEnum,Exception,1754237459068148319,,,1754237484545638523,,25477.490204
522,AtomicEnum,Exception,1754237484545645102,,,1754237510323347892,,25777.70279
523,AtomicEnum,Exception,1754237510323355217,,,1754237535917968991,,25594.613774
524,AtomicEnum,Exception,1754237535917974881,,,1754237561494589523,,25576.614642
525,AtomicEnum,Exception,1754237561494596527,,,1754237587470584836,,25975.988309
526,AtomicEnum,Exception,1754237587470592487,,,1754237614024691038,,26554.098551
527,AtomicEnum,Exception,1754237614024697950,,,1754237640315023952,,26290.326002
528,AtomicEnum,Exception,1754237640315031441,,,1754237666318202231,,26003.17079
529,AtomicEnum,Exception,1754237666318209810,,,1754237692665786746,,26347.576936
530,AtomicEnum,Exception,1754237692665793843,,,1754237720233449429,,27567.655586
531,AtomicEnum,Exception,1754237720233457416,,,1754237746488557851,,26255.100435
532,AtomicEnum,Exception,1754237746488563663,,,1754237773158380151,,26669.816488
533,AtomicEnum,Exception,1754237773158387707,,,1754237800211330362,,27052.942655
534,AtomicEnum,Exception,1754237800211337158,,,1754237828056575875,,27845.238717
535,AtomicEnum,Exception,1754237828056583124,,,1754237854589394873,,26532.811749
536,AtomicEnum,Exception,1754237854589400708,,,1754237880522500907,,25933.100199
537,AtomicEnum,Exception,1754237880522507723,,,1754237906106333334,,25583.825611
538,AtomicEnum,Exception,1754237906106341224,,,1754237931684213669,,25577.872445
539,AtomicEnum,Exception,1754237931684219092,,,1754237957589387148,,25905.168056
540,AtomicEnum,Exception,1754237957589395475,,,1754237983913865427,,26324.469952
541,AtomicEnum,Exception,1754237983913872150,,,1754238010536629385,,26622.757235
542,AtomicEnum,Exception,1754238010536636270,,,1754238036889511383,,26352.875113
543,AtomicEnum,Exception,1754238036889518241,,,1754238063014557887,,26125.039646
544,AtomicEnum,Exception,1754238063014578754,,,1754238088657360011,,25642.781257
545,AtomicEnum,Exception,1754238088657368612,,,1754238114189408093,,25532.039481
546,AtomicEnum,Exception,1754238114189415750,,,1754238140558434027,,26369.018277
547,AtomicEnum,Exception,1754238140558441815,,,1754238166057807719,,25499.365904
548,AtomicEnum,Exception,1754238166057814637,,,1754238192204640825,,26146.826188
549,AtomicEnum,Exception,1754238192204649247,,,1754238218473920354,,26269.271107
550,AtomicEnum,Exception,1754238218473927981,,,1754238244016998682,,25543.070701
551,AtomicEnum,Exception,1754238244017006668,,,1754238270185441244,,26168.434576
552,AtomicEnum,Exception,1754238270185449748,,,1754238295741713110,,25556.263362
553,AtomicEnum,Exception,1754238295741721251,,,1754238321295206303,,25553.485052
554,AtomicEnum,Exception,1754238321295213094,,,1754238346883305390,,25588.092296
555,AtomicEnum,Exception,1754238346883312713,,,1754238372707374385,,25824.061672
556,AtomicEnum,Exception,1754238372707382133,,,1754238398329038498,,25621.656365
557,AtomicEnum,Exception,1754238398329045757,,,1754238423898151319,,25569.105562
558,AtomicEnum,Exception,1754238423898157869,,,1754238449682724985,,25784.567116
559,AtomicEnum,Exception,1754238449682732664,,,1754238476122900514,,26440.16785
560,AtomicEnum,Exception,1754238476122909169,,,1754238502806819289,,26683.91012
561,AtomicEnum,Exception,1754238502806825741,,,1754238529132725882,,26325.900141
562,AtomicEnum,Exception,1754238529132732926,,,1754238555704085546,,26571.35262
563,AtomicEnum,Exception,1754238555704092556,,,1754238581464835794,,25760.743238
564,AtomicEnum,Exception,1754238581464841921,,,1754238609293159608,,27828.317687
565,AtomicEnum,Exception,1754238609293166466,,,1754238636239411273,,26946.244807
566,AtomicEnum,Exception,1754238636239419940,,,1754238662601514910,,26362.09497
567,AtomicEnum,Exception,1754238662601521632,,,1754238689168718922,,26567.19729
568,AtomicEnum,Exception,1754238689168726059,,,1754238715137257858,,25968.531799
569,AtomicEnum,Exception,1754238715137265183,,,1754238741008616223,,25871.35104
570,AtomicEnum,Exception,1754238741008629007,,,1754238766762530273,,25753.901266
571,AtomicEnum,Exception,1754238766762537861,,,1754238792890862021,,26128.32416
572,AtomicEnum,Exception,1754238792890868328,,,1754238819419636572,,26528.768244
573,AtomicEnum,Exception,1754238819419643489,,,1754238848389785400,,28970.141911
574,AtomicEnum,Exception,1754238848389793940,,,1754238875153417168,,26763.623228
575,AtomicEnum,Exception,1754238875153423938,,,1754238900978870108,,25825.44617
576,AtomicEnum,Exception,1754238900978876614,,,1754238926487208671,,25508.332057
577,AtomicEnum,Exception,1754238926487216589,,,1754238952456175860,,25968.959271
578,AtomicEnum,Exception,1754238952456183645,,,1754238979092093949,,26635.910304
579,AtomicEnum,Exception,1754238979092101187,,,1754239005711136820,,26619.035633
580,AtomicEnum,Exception,1754239005711143869,,,1754239032260195331,,26549.051462
581,AtomicEnum,Exception,1754239032260202080,,,1754239058819670249,,26559.468169
582,AtomicEnum,Exception,1754239058819677156,,,1754239085328210881,,26508.533725
583,AtomicEnum,Exception,1754239085328218740,,,1754239112274653498,,26946.434758
584,AtomicEnum,Exception,1754239112274660618,,,1754239140507971966,,28233.311348
585,AtomicEnum,Exception,1754239140507979243,,,1754239166242653801,,25734.674558
586,AtomicEnum,Exception,1754239166242661783,,,1754239191758639281,,25515.977498
587,AtomicEnum,Exception,1754239191758646459,,,1754239217397467743,,25638.821284
588,AtomicEnum,Exception,1754239217397474964,,,1754239243259189689,,25861.714725
589,AtomicEnum,Exception,1754239243259195539,,,1754239269747831750,,26488.636211
590,AtomicEnum,Exception,1754239269747840306,,,1754239295250298114,,25502.457808
591,AtomicEnum,Exception,1754239295250305698,,,1754239320831672222,,25581.366524
592,AtomicEnum,Exception,1754239320831678996,,,1754239346422042264,,25590.363268
593,AtomicEnum,Exception,1754239346422049098,,,1754239372021428004,,25599.378906
594,AtomicEnum,Exception,1754239372021435993,,,1754239397676568058,,25655.132065
595,AtomicEnum,Exception,1754239397676587377,,,1754239424015496304,,26338.908927
596,AtomicEnum,Exception,1754239424015502978,,,1754239450674439663,,26658.936685
597,AtomicEnum,Exception,1754239450674446719,,,1754239477279536249,,26605.08953
598,AtomicEnum,Exception,1754239477279543783,,,1754239503848952230,,26569.408447
599,AtomicEnum,Exception,1754239503848959593,,,1754239530396160157,,26547.200564
1000,FunctionExchange,ErrorReturn,1754240186195933532,,,1754240212989171612,,26793.23808
1001,FunctionExchange,ErrorReturn,1754240212989178886,,,1754240239993240881,,27004.061995
1002,FunctionExchange,ErrorReturn,1754240239993250574,,,1754240267042903238,,27049.652664
1003,FunctionExchange,ErrorReturn,1754240267042910962,,,1754240293681456372,,26638.54541
1004,FunctionExchange,ErrorReturn,1754240293681476607,,,1754240320283982576,,26602.505969
1005,FunctionExchange,ErrorReturn,1754240320283990015,,,1754240346921935085,,26637.94507
1006,FunctionExchange,ErrorReturn,1754240346921942592,,,1754240373574795457,,26652.852865
1007,FunctionExchange,ErrorReturn,1754240373574803260,,,1754240400232579943,,26657.776683
1008,FunctionExchange,ErrorReturn,1754240400232587499,,,1754240426709289293,,26476.701794
1009,FunctionExchange,ErrorReturn,1754240426709297126,,,1754240453941746127,,27232.449001
1010,FunctionExchange,ErrorReturn,1754240453941754166,,,1754240481183424227,,27241.670061
1011,FunctionExchange,ErrorReturn,1754240481183434372,,,1754240508259063785,,27075.629413
1012,FunctionExchange,ErrorReturn,1754240508259071782,,,1754240535351926353,,27092.854571
1013,FunctionExchange,ErrorReturn,1754240535351934570,,,1754240562516542453,,27164.607883
1014,FunctionExchange,ErrorReturn,1754240562516552229,,,1754240589578413766,,27061.861537
1015,FunctionExchange,ErrorReturn,1754240589578422550,,,1754240616739223700,,27160.80115
1016,FunctionExchange,ErrorReturn,1754240616739231575,,,1754240643882618217,,27143.386642
1017,FunctionExchange,ErrorReturn,1754240643882624647,,,1754240671047323022,,27164.698375
1018,FunctionExchange,ErrorReturn,1754240671047329466,,,1754240698000090573,,26952.761107
1019,FunctionExchange,ErrorReturn,1754240698000099437,,,1754240724749443582,,26749.344145
1020,FunctionExchange,ErrorReturn,1754240724749452776,,,1754240751418605420,,26669.152644
1021,FunctionExchange,ErrorReturn,1754240751418614370,,,1754240778033660028,,26615.045658
1022,FunctionExchange,ErrorReturn,1754240778033668631,,,1754240804530100313,,26496.431682
1023,FunctionExchange,ErrorReturn,1754240804530108827,,,1754240831112273557,,26582.16473
1024,FunctionExchange,ErrorReturn,1754240831112282324,,,1754240857996105802,,26883.823478
1025,FunctionExchange,ErrorReturn,1754240857996113569,,,1754240884689153740,,26693.040171
1026,FunctionExchange,ErrorReturn,1754240884689170224,,,1754240911883233013,,27194.062789
1027,FunctionExchange,ErrorReturn,1754240911883239249,,,1754240938992038251,,27108.799002
1028,FunctionExchange,ErrorReturn,1754240938992046839,,,1754240966146323324,,27154.276485
1029,FunctionExchange,ErrorReturn,1754240966146331999,,,1754240993248218598,,27101.886599
1030,FunctionExchange,ErrorReturn,1754240993248225822,,,1754241020341068937,,27092.843115
1031,FunctionExchange,ErrorReturn,1754241020341075936,,,1754241047231030800,,26889.954864
1032,FunctionExchange,ErrorReturn,1754241047231039199,,,1754241073818167855,,26587.128656
1033,FunctionExchange,ErrorReturn,1754241073818175215,,,1754241100286527679,,26468.352464
1034,FunctionExchange,ErrorReturn,1754241100286535310,,,1754241126869037697,,26582.502387
1035,FunctionExchange,ErrorReturn,1754241126869045923,,,1754241153854741966,,26985.696043
1036,FunctionExchange,ErrorReturn,1754241153854748548,,,1754241180935105030,,27080.356482
1037,FunctionExchange,ErrorReturn,1754241180935111663,,,1754241208094186457,,27159.074794
1038,FunctionExchange,ErrorReturn,1754241208094193876,,,1754241235205845382,,27111.651506
1039,FunctionExchange,ErrorReturn,1754241235205853402,,,1754241262059486776,,26853.633374
1040,FunctionExchange,ErrorReturn,1754241262059495487,,,1754241289122401284,,27062.905797
1041,FunctionExchange,ErrorReturn,1754241289122408264,,,1754241316205708107,,27083.299843
1042,FunctionExchange,ErrorReturn,1754241316205717169,,,1754241343270584894,,27064.867725
1043,FunctionExchange,ErrorReturn,1754241343270592540,,,1754241370377819735,,27107.227195
1044,FunctionExchange,ErrorReturn,1754241370377828315,,,1754241397509065787,,27131.237472
1045,FunctionExchange,ErrorReturn,1754241397509072399,,,1754241424598261259,,27089.18886
1046,FunctionExchange,ErrorReturn,1754241424598268927,,,1754241451638865272,,27040.596345
1047,FunctionExchange,ErrorReturn,1754241451638886168,,,1754241478685474362,,27046.588194
1048,FunctionExchange,ErrorReturn,1754241478685481094,,,1754241505766097812,,27080.616718
1049,FunctionExchange,ErrorReturn,1754241505766106027,,,1754241532626427904,,26860.321877
1050,FunctionExchange,ErrorReturn,1754241532626436587,,,1754241559364719759,,26738.283172
1051,FunctionExchange,ErrorReturn,1754241559364726320,,,1754241586370089844,,27005.363524
1052,FunctionExchange,ErrorReturn,1754241586370096745,,,1754241613439482413,,27069.385668
1053,FunctionExchange,ErrorReturn,1754241613439490311,,,1754241640458385029,,27018.894718
1054,FunctionExchange,ErrorReturn,1754241640458391657,,,1754241667240583770,,26782.192113
1055,FunctionExchange,ErrorReturn,1754241667240593090,,,1754241694233420756,,26992.827666
1056,FunctionExchange,ErrorReturn,1754241694233429354,,,1754241721274184907,,27040.755553
1057,FunctionExchange,ErrorReturn,1754241721274191886,,,1754241748320288387,,27046.096501
1058,FunctionExchange,ErrorReturn,1754241748320295894,,,1754241775319737670,,26999.441776
1059,FunctionExchange,ErrorReturn,1754241775319745335,,,1754241802362473718,,27042.728383
1060,FunctionExchange,ErrorReturn,1754241802362482008,,,1754241829446677049,,27084.195041
1061,FunctionExchange,ErrorReturn,1754241829446683937,,,1754241856514899252,,27068.215315
1062,FunctionExchange,ErrorReturn,1754241856514905266,,,1754241883597733249,,27082.827983
1063,FunctionExchange,ErrorReturn,1754241883597739956,,,1754241910721354388,,27123.614432
1064,FunctionExchange,ErrorReturn,1754241910721362375,,,1754241937826315137,,27104.952762
1065,FunctionExchange,ErrorReturn,1754241937826320477,,,1754241964909409527,,27083.08905
1066,FunctionExchange,ErrorReturn,1754241964909413214,,,1754241991924381235,,27014.968021
1067,FunctionExchange,ErrorReturn,1754241991924385303,,,1754242018986233710,,27061.848407
1068,FunctionExchange,ErrorReturn,1754242018986251045,,,1754242046073844955,,27087.59391
1069,FunctionExchange,ErrorReturn,1754242046073849013,,,1754242073117694942,,27043.845929
1070,FunctionExchange,ErrorReturn,1754242073117699452,,,1754242099989409566,,26871.710114
1071,FunctionExchange,ErrorReturn,1754242099989417746,,,1754242126951950907,,26962.533161
1072,FunctionExchange,ErrorReturn,1754242126951957815,,,1754242153960918463,,27008.960648
1073,FunctionExchange,ErrorReturn,1754242153960924817,,,1754242180967509655,,27006.584838
1074,FunctionExchange,ErrorReturn,1754242180967515035,,,1754242208076589938,,27109.074903
1075,FunctionExchange,ErrorReturn,1754242208076593704,,,1754242235207988198,,27131.394494
1076,FunctionExchange,ErrorReturn,1754242235207996130,,,1754242262279720368,,27071.724238
1077,FunctionExchange,ErrorReturn,1754242262279726712,,,1754242289358664585,,27078.937873
1078,FunctionExchange,ErrorReturn,1754242289358670901,,,1754242316420217282,,27061.546381
1079,FunctionExchange,ErrorReturn,1754242316420223913,,,1754242343385087386,,26964.863473
1080,FunctionExchange,ErrorReturn,1754242343385095632,,,1754242370486963924,,27101.868292
1081,FunctionExchange,ErrorReturn,1754242370486971199,,,1754242397607083874,,27120.112675
1082,FunctionExchange,ErrorReturn,1754242397607091569,,,1754242424687814787,,27080.723218
1083,FunctionExchange,ErrorReturn,1754242424687822048,,,1754242451779106914,,27091.284866
1084,FunctionExchange,ErrorReturn,1754242451779113036,,,1754242478876189165,,27097.076129
1085,FunctionExchange,ErrorReturn,1754242478876196040,,,1754242505937185290,,27060.98925
1086,FunctionExchange,ErrorReturn,1754242505937193035,,,1754242533029854611,,27092.661576
1087,FunctionExchange,ErrorReturn,1754242533029861714,,,1754242560068341599,,27038.479885
1088,FunctionExchange,ErrorReturn,1754242560068351346,,,1754242587103152531,,27034.801185
1089,FunctionExchange,ErrorReturn,1754242587103159436,,,1754242614177941057,,27074.781621
1090,FunctionExchange,ErrorReturn,1754242614177958552,,,1754242641319120221,,27141.161669
1091,FunctionExchange,ErrorReturn,1754242641319126690,,,1754242668393302264,,27074.175574
1092,FunctionExchange,ErrorReturn,1754242668393308397,,,1754242695375300877,,26981.99248
1093,FunctionExchange,ErrorReturn,1754242695375309885,,,1754242722072044930,,26696.735045
1094,FunctionExchange,ErrorReturn,1754242722072053078,,,1754242748665098582,,26593.045504
1095,FunctionExchange,ErrorReturn,1754242748665105776,,,1754242775395745036,,26730.63926
1096,FunctionExchange,ErrorReturn,1754242775395754162,,,1754242802167203675,,26771.449513
1097,FunctionExchange,ErrorReturn,1754242802167212087,,,1754242829232676529,,27065.464442
1098,FunctionExchange,ErrorReturn,1754242829232686127,,,1754242856074559237,,26841.87311
1099,FunctionExchange,ErrorReturn,1754242856074566937,,,1754242882608465015,,26533.898078
1500,FunctionExchange,Exception,1754243538414579403,,,1754243565463225043,,27048.64564
1501,FunctionExchange,Exception,1754243565463233799,,,1754243592609623452,,27146.389653
1502,FunctionExchange,Exception,1754243592609633114,,,1754243619400103306,,26790.470192
1503,FunctionExchange,Exception,1754243619400110029,,,1754243646041087732,,26640.977703
1504,FunctionExchange,Exception,1754243646041097268,,,1754243673219175179,,27178.077911
1505,FunctionExchange,Exception,1754243673219184414,,,1754243699790783838,,26571.599424
1506,FunctionExchange,Exception,1754243699790792432,,,1754243726937971160,,27147.178728
1507,FunctionExchange,Exception,1754243726937978609,,,1754243753730270284,,26792.291675
1508,FunctionExchange,Exception,1754243753730279434,,,1754243780317927564,,26587.64813
1509,FunctionExchange,Exception,1754243780317936343,,,1754243806856287656,,26538.351313
1510,FunctionExchange,Exception,1754243806856296239,,,1754243833516794883,,26660.498644
1511,FunctionExchange,Exception,1754243833516802120,,,1754243860134008535,,26617.206415
1512,FunctionExchange,Exception,1754243860134014708,,,1754243886885722284,,26751.707576
1513,FunctionExchange,Exception,1754243886885730139,,,1754243913609758783,,26724.028644
1514,FunctionExchange,Exception,1754243913609767342,,,1754243940973281129,,27363.513787
1515,FunctionExchange,Exception,1754243940973290742,,,1754243967794953081,,26821.662339
1516,FunctionExchange,Exception,1754243967794974791,,,1754243994345470842,,26550.496051
1517,FunctionExchange,Exception,1754243994345480502,,,1754244021041080524,,26695.600022
1518,FunctionExchange,Exception,1754244021041089427,,,1754244047722625821,,26681.536394
1519,FunctionExchange,Exception,1754244047722635817,,,1754244074510436585,,26787.800768
1520,FunctionExchange,Exception,1754244074510444183,,,1754244101686301729,,27175.857546
1521,FunctionExchange,Exception,1754244101686311467,,,1754244128367568114,,26681.256647
1522,FunctionExchange,Exception,1754244128367576836,,,1754244155685991531,,27318.414695
1523,FunctionExchange,Exception,1754244155686000158,,,1754244182951698924,,27265.698766
1524,FunctionExchange,Exception,1754244182951708595,,,1754244209799228361,,26847.519766
1525,FunctionExchange,Exception,1754244209799236611,,,1754244236449839314,,26650.602703
1526,FunctionExchange,Exception,1754244236449847630,,,1754244263462698555,,27012.850925
1527,FunctionExchange,Exception,1754244263462707341,,,1754244290145817832,,26683.110491
1528,FunctionExchange,Exception,1754244290145826043,,,1754244316663146879,,26517.320836
1529,FunctionExchange,Exception,1754244316663153116,,,1754244343794278202,,27131.125086
1530,FunctionExchange,Exception,1754244343794286225,,,1754244370933187144,,27138.900919
1531,FunctionExchange,Exception,1754244370933195589,,,1754244397430392032,,26497.196443
1532,FunctionExchange,Exception,1754244397430401633,,,1754244424155718627,,26725.316994
1533,FunctionExchange,Exception,1754244424155727926,,,1754244450893922098,,26738.194172
1534,FunctionExchange,Exception,1754244450893930185,,,1754244477758848903,,26864.918718
1535,FunctionExchange,Exception,1754244477758858065,,,1754244504482216612,,26723.358547
1536,FunctionExchange,Exception,1754244504482223399,,,1754244531301684773,,26819.461374
1537,FunctionExchange,Exception,1754244531301696302,,,1754244558017835150,,26716.138848
1538,FunctionExchange,Exception,1754244558017853801,,,1754244584695366950,,26677.513149
1539,FunctionExchange,Exception,1754244584695374685,,,1754244611879336843,,27183.962158
1540,FunctionExchange,Exception,1754244611879346628,,,1754244639120460415,,27241.113787
1541,FunctionExchange,Exception,1754244639120469338,,,1754244665827474330,,26707.004992
1542,FunctionExchange,Exception,1754244665827484003,,,1754244692361870289,,26534.386286
1543,FunctionExchange,Exception,1754244692361878931,,,1754244719389604278,,27027.725347
1544,FunctionExchange,Exception,1754244719389613618,,,1754244746163837596,,26774.223978
1545,FunctionExchange,Exception,1754244746163846279,,,1754244772879480969,,26715.63469
1546,FunctionExchange,Exception,1754244772879489398,,,1754244799545819192,,26666.329794
1547,FunctionExchange,Exception,1754244799545826718,,,1754244826540246778,,26994.42006
1548,FunctionExchange,Exception,1754244826540255621,,,1754244853769750449,,27229.494828
1549,FunctionExchange,Exception,1754244853769759666,,,1754244880505001749,,26735.242083
1550,FunctionExchange,Exception,1754244880505011257,,,1754244907785633182,,27280.621925
1551,FunctionExchange,Exception,1754244907785641499,,,1754244934586641255,,26800.999756
1552,FunctionExchange,Exception,1754244934586648880,,,1754244961437027335,,26850.378455
1553,FunctionExchange,Exception,1754244961437036141,,,1754244988651528494,,27214.492353
1554,FunctionExchange,Exception,1754244988651537761,,,1754245015902900003,,27251.362242
1555,FunctionExchange,Exception,1754245015902909730,,,1754245042782512913,,26879.603183
1556,FunctionExchange,Exception,1754245042782524395,,,1754245069440627147,,26658.102752
1557,FunctionExchange,Exception,1754245069440635913,,,1754245096136597706,,26695.961793
1558,FunctionExchange,Exception,1754245096136605451,,,1754245123231849190,,27095.243739
1559,FunctionExchange,Exception,1754245123231871887,,,1754245149698274766,,26466.402879
1560,FunctionExchange,Exception,1754245149698283123,,,1754245176579387798,,26881.104675
1561,FunctionExchange,Exception,1754245176579397261,,,1754245203321367607,,26741.970346
1562,FunctionExchange,Exception,1754245203321377261,,,1754245230690495112,,27369.117851
1563,FunctionExchange,Exception,1754245230690505118,,,1754245257774000855,,27083.495737
1564,FunctionExchange,Exception,1754245257774009623,,,1754245284365976691,,26591.967068
1565,FunctionExchange,Exception,1754245284365986287,,,1754245311452549203,,27086.562916
1566,FunctionExchange,Exception,1754245311452557372,,,1754245338556440862,,27103.88349
1567,FunctionExchange,Exception,1754245338556450509,,,1754245365610576790,,27054.126281
1568,FunctionExchange,Exception,1754245365610586378,,,1754245392838514035,,27227.927657
1569,FunctionExchange,Exception,1754245392838523144,,,1754245420000958043,,27162.434899
1570,FunctionExchange,Exception,1754245420000966240,,,1754245447164146875,,27163.180635
1571,FunctionExchange,Exception,1754245447164156758,,,1754245474336894047,,27172.737289
1572,FunctionExchange,Exception,1754245474336901079,,,1754245501469520711,,27132.619632
1573,FunctionExchange,Exception,1754245501469528543,,,1754245528609010905,,27139.482362
1574,FunctionExchange,Exception,1754245528609017334,,,1754245555755001513,,27145.984179
1575,FunctionExchange,Exception,1754245555755010695,,,1754245582386205846,,26631.195151
1576,FunctionExchange,Exception,1754245582386214655,,,1754245608975893988,,26589.679333
1577,FunctionExchange,Exception,1754245608975905225,,,1754245635442361691,,26466.456466
1578,FunctionExchange,Exception,1754245635442370536,,,1754245662163430138,,26721.059602
1579,FunctionExchange,Exception,1754245662163438358,,,1754245688810193925,,26646.755567
1580,FunctionExchange,Exception,1754245688810209719,,,1754245715379773557,,26569.563838
1581,FunctionExchange,Exception,1754245715379782273,,,1754245742107564883,,26727.78261
1582,FunctionExchange,Exception,1754245742107574432,,,1754245769030463156,,26922.888724
1583,FunctionExchange,Exception,1754245769030473276,,,1754245796327578456,,27297.10518
1584,FunctionExchange,Exception,1754245796327587266,,,1754245823503355404,,27175.768138
1585,FunctionExchange,Exception,1754245823503372335,,,1754245850520139147,,27016.766812
1586,FunctionExchange,Exception,1754245850520150225,,,1754245877232690640,,26712.540415
1587,FunctionExchange,Exception,1754245877232700911,,,1754245903961167193,,26728.466282
1588,FunctionExchange,Exception,1754245903961174698,,,1754245930634797498,,26673.6228
1589,FunctionExchange,Exception,1754245930634806056,,,1754245957118566181,,26483.760125
1590,FunctionExchange,Exception,1754245957118574380,,,1754245984288169541,,27169.595161
1591,FunctionExchange,Exception,1754245984288177691,,,1754246011582861185,,27294.683494
1592,FunctionExchange,Exception,1754246011582869296,,,1754246038787990802,,27205.121506
1593,FunctionExchange,Exception,1754246038787998469,,,1754246065811520075,,27023.521606
1594,FunctionExchange,Exception,1754246065811528556,,,1754246092486938893,,26675.410337
1595,FunctionExchange,Exception,1754246092486945861,,,1754246119222815642,,26735.869781
1596,FunctionExchange,Exception,1754246119222823322,,,1754246146450393250,,27227.569928
1597,FunctionExchange,Exception,1754246146450403636,,,1754246173687683814,,27237.280178
1598,FunctionExchange,Exception,1754246173687692345,,,1754246200897569313,,27209.876968
1599,FunctionExchange,Exception,1754246200897578030,,,1754246228148636667,,27251.058637
2000,FunctionPointerExchange,ErrorReturn,1754246883950683550,,,1754246909443962357,,25493.278807
2001,FunctionPointerExchange,ErrorReturn,1754246909443970099,,,1754246934892640768,,25448.670669
2002,FunctionPointerExchange,ErrorReturn,1754246934892649420,,,1754246960335747721,,25443.098301
2003,FunctionPointerExchange,ErrorReturn,1754246960335755314,,,1754246985783968075,,25448.212761
2004,FunctionPointerExchange,ErrorReturn,1754246985783977257,,,1754247011247887803,,25463.910546
2005,FunctionPointerExchange,ErrorReturn,1754247011247894873,,,1754247037629912865,,26382.017992
2006,FunctionPointerExchange,ErrorReturn,1754247037629921038,,,1754247064111001170,,26481.080132
2007,FunctionPointerExchange,ErrorReturn,1754247064111013984,,,1754247089537927883,,25426.913899
2008,FunctionPointerExchange,ErrorReturn,1754247089537937065,,,1754247114986901733,,25448.964668
2009,FunctionPointerExchange,ErrorReturn,1754247114986910636,,,1754247140489938014,,25503.027378
2010,FunctionPointerExchange,ErrorReturn,1754247140489946369,,,1754247166060792286,,25570.845917
2011,FunctionPointerExchange,ErrorReturn,1754247166060800797,,,1754247192597127068,,26536.326271
2012,FunctionPointerExchange,ErrorReturn,1754247192597134863,,,1754247219106437847,,26509.302984
2013,FunctionPointerExchange,ErrorReturn,1754247219106445553,,,1754247245601677991,,26495.232438
2014,FunctionPointerExchange,ErrorReturn,1754247245601685836,,,1754247272082988279,,26481.302443
2015,FunctionPointerExchange,ErrorReturn,1754247272082998669,,,1754247298375802921,,26292.804252
2016,FunctionPointerExchange,ErrorReturn,1754247298375811328,,,1754247324030109916,,25654.298588
2017,FunctionPointerExchange,ErrorReturn,1754247324030118525,,,1754247349839579674,,25809.461149
2018,FunctionPointerExchange,ErrorReturn,1754247349839588223,,,1754247375448612656,,25609.024433
2019,FunctionPointerExchange,ErrorReturn,1754247375448621231,,,1754247400919379746,,25470.758515
2020,FunctionPointerExchange,ErrorReturn,1754247400919388774,,,1754247426660454256,,25741.065482
2021,FunctionPointerExchange,ErrorReturn,1754247426660463270,,,1754247452118027112,,25457.563842
2022,FunctionPointerExchange,ErrorReturn,1754247452118035052,,,1754247477547637477,,25429.602425
2023,FunctionPointerExchange,ErrorReturn,1754247477547642626,,,1754247503012599346,,25464.95672
2024,FunctionPointerExchange,ErrorReturn,1754247503012608045,,,1754247528824122815,,25811.51477
2025,FunctionPointerExchange,ErrorReturn,1754247528824130484,,,1754247554282348371,,25458.217887
2026,FunctionPointerExchange,ErrorReturn,1754247554282358789,,,1754247580609639372,,26327.280583
2027,FunctionPointerExchange,ErrorReturn,1754247580609647936,,,1754247606700830830,,26091.182894
2028,FunctionPointerExchange,ErrorReturn,1754247606700851833,,,1754247632875814362,,26174.962529
2029,FunctionPointerExchange,ErrorReturn,1754247632875822991,,,1754247659367021737,,26491.198746
2030,FunctionPointerExchange,ErrorReturn,1754247659367030948,,,1754247685843004112,,26475.973164
2031,FunctionPointerExchange,ErrorReturn,1754247685843012905,,,1754247712255376527,,26412.363622
2032,FunctionPointerExchange,ErrorReturn,1754247712255385991,,,1754247737641932778,,25386.546787
2033,FunctionPointerExchange,ErrorReturn,1754247737641942030,,,1754247763076347895,,25434.405865
2034,FunctionPointerExchange,ErrorReturn,1754247763076355194,,,1754247788497289184,,25420.93399
2035,FunctionPointerExchange,ErrorReturn,1754247788497298869,,,1754247813913971933,,25416.673064
2036,FunctionPointerExchange,ErrorReturn,1754247813913982165,,,1754247839309819569,,25395.837404
2037,FunctionPointerExchange,ErrorReturn,1754247839309826732,,,1754247864763223674,,25453.396942
2038,FunctionPointerExchange,ErrorReturn,1754247864763231986,,,1754247890418100834,,25654.868848
2039,FunctionPointerExchange,ErrorReturn,1754247890418109060,,,1754247916927507893,,26509.398833
2040,FunctionPointerExchange,ErrorReturn,1754247916927516478,,,1754247943405809933,,26478.293455
2041,FunctionPointerExchange,ErrorReturn,1754247943405819310,,,1754247969887983643,,26482.164333
2042,FunctionPointerExchange,ErrorReturn,1754247969887991272,,,1754247995984773498,,26096.782226
2043,FunctionPointerExchange,ErrorReturn,1754247995984782028,,,1754248022136263905,,26151.481877
2044,FunctionPointerExchange,ErrorReturn,1754248022136272707,,,1754248048567722399,,26431.449692
2045,FunctionPointerExchange,ErrorReturn,1754248048567731220,,,1754248075051290619,,26483.559399
2046,FunctionPointerExchange,ErrorReturn,1754248075051299028,,,1754248101524722231,,26473.423203
2047,FunctionPointerExchange,ErrorReturn,1754248101524730737,,,1754248127996557734,,26471.826997
2048,FunctionPointerExchange,ErrorReturn,1754248127996565807,,,1754248154489789823,,26493.224016
2049,FunctionPointerExchange,ErrorReturn,1754248154489797313,,,1754248180978079332,,26488.282019
2050,FunctionPointerExchange,ErrorReturn,1754248180978101383,,,1754248207360456670,,26382.355287
2051,FunctionPointerExchange,ErrorReturn,1754248207360466271,,,1754248232743431569,,25382.965298
2052,FunctionPointerExchange,ErrorReturn,1754248232743441488,,,1754248258473723405,,25730.281917
2053,FunctionPointerExchange,ErrorReturn,1754248258473731420,,,1754248284029308818,,25555.577398
2054,FunctionPointerExchange,ErrorReturn,1754248284029317816,,,1754248310549149366,,26519.83155
2055,FunctionPointerExchange,ErrorReturn,1754248310549161300,,,1754248337035443652,,26486.282352
2056,FunctionPointerExchange,ErrorReturn,1754248337035452643,,,1754248363517427172,,26481.974529
2057,FunctionPointerExchange,ErrorReturn,1754248363517436108,,,1754248389261995030,,25744.558922
2058,FunctionPointerExchange,ErrorReturn,1754248389262003243,,,1754248414723854823,,25461.85158
2059,FunctionPointerExchange,ErrorReturn,1754248414723861580,,,1754248440168028649,,25444.167069
2060,FunctionPointerExchange,ErrorReturn,1754248440168037287,,,1754248465703865022,,25535.827735
2061,FunctionPointerExchange,ErrorReturn,1754248465703874877,,,1754248491847382695,,26143.507818
2062,FunctionPointerExchange,ErrorReturn,1754248491847387654,,,1754248518351309211,,26503.921557
2063,FunctionPointerExchange,ErrorReturn,1754248518351316848,,,1754248544840694523,,26489.377675
2064,FunctionPointerExchange,ErrorReturn,1754248544840703632,,,1754248571428464801,,26587.761169
2065,FunctionPointerExchange,ErrorReturn,1754248571428472517,,,1754248597957966698,,26529.494181
2066,FunctionPointerExchange,ErrorReturn,1754248597957974097,,,1754248624570060129,,26612.086032
2067,FunctionPointerExchange,ErrorReturn,1754248624570068196,,,1754248650819698683,,26249.630487
2068,FunctionPointerExchange,ErrorReturn,1754248650819708247,,,1754248676241384609,,25421.676362
2069,FunctionPointerExchange,ErrorReturn,1754248676241393939,,,1754248701661723189,,25420.32925
2070,FunctionPointerExchange,ErrorReturn,1754248701661730670,,,1754248727101004331,,25439.273661
2071,FunctionPointerExchange,ErrorReturn,1754248727101023926,,,1754248752552348639,,25451.324713
2072,FunctionPointerExchange,ErrorReturn,1754248752552358985,,,1754248777990057502,,25437.698517
2073,FunctionPointerExchange,ErrorReturn,1754248777990067732,,,1754248803432145258,,25442.077526
2074,FunctionPointerExchange,ErrorReturn,1754248803432151759,,,1754248829951974183,,26519.822424
2075,FunctionPointerExchange,ErrorReturn,1754248829951985531,,,1754248856444182051,,26492.19652
2076,FunctionPointerExchange,ErrorReturn,1754248856444190055,,,1754248882959265152,,26515.075097
2077,FunctionPointerExchange,ErrorReturn,1754248882959274047,,,1754248909492451756,,26533.177709
2078,FunctionPointerExchange,ErrorReturn,1754248909492458099,,,1754248936000884543,,26508.426444
2079,FunctionPointerExchange,ErrorReturn,1754248936000891867,,,1754248962505275264,,26504.383397
2080,FunctionPointerExchange,ErrorReturn,1754248962505282662,,,1754248988350764614,,25845.481952
2081,FunctionPointerExchange,ErrorReturn,1754248988350772786,,,1754249013796394941,,25445.622155
2082,FunctionPointerExchange,ErrorReturn,1754249013796402937,,,1754249039249384225,,25452.981288
2083,FunctionPointerExchange,ErrorReturn,1754249039249393992,,,1754249064676519987,,25427.125995
2084,FunctionPointerExchange,ErrorReturn,1754249064676527923,,,1754249090098268034,,25421.740111
2085,FunctionPointerExchange,ErrorReturn,1754249090098276564,,,1754249115994265799,,25895.989235
2086,FunctionPointerExchange,ErrorReturn,1754249115994274112,,,1754249142548666974,,26554.392862
2087,FunctionPointerExchange,ErrorReturn,1754249142548676363,,,1754249168530640930,,25981.964567
2088,FunctionPointerExchange,ErrorReturn,1754249168530650534,,,1754249195047768208,,26517.117674
2089,FunctionPointerExchange,ErrorReturn,1754249195047778685,,,1754249221563408031,,26515.629346
2090,FunctionPointerExchange,ErrorReturn,1754249221563417171,,,1754249248059118251,,26495.70108
2091,FunctionPointerExchange,ErrorReturn,1754249248059126411,,,1754249274462423572,,26403.297161
2092,FunctionPointerExchange,ErrorReturn,1754249274462445461,,,1754249300326971426,,25864.525965
2093,FunctionPointerExchange,ErrorReturn,1754249300326981508,,,1754249326558244622,,26231.263114
2094,FunctionPointerExchange,ErrorReturn,1754249326558255682,,,1754249352904110020,,26345.854338
2095,FunctionPointerExchange,ErrorReturn,1754249352904119112,,,1754249378354212778,,25450.093666
2096,FunctionPointerExchange,ErrorReturn,1754249378354222585,,,1754249403787012689,,25432.790104
2097,FunctionPointerExchange,ErrorReturn,1754249403787021372,,,1754249429185362723,,25398.341351
2098,FunctionPointerExchange,ErrorReturn,1754249429185372564,,,1754249454615824715,,25430.452151
2099,FunctionPointerExchange,ErrorReturn,1754249454615829884,,,1754249480092947961,,25477.118077
2500,FunctionPointerExchange,Exception,1754250135900252628,,,1754250162609243703,,26708.991075
2501,FunctionPointerExchange,Exception,1754250162609250833,,,1754250189301682843,,26692.43201
2502,FunctionPointerExchange,Exception,1754250189301689462,,,1754250215976570169,,26674.880707
2503,FunctionPointerExchange,Exception,1754250215976578509,,,1754250242658559087,,26681.980578
2504,FunctionPointerExchange,Exception,1754250242658565882,,,1754250269334068848,,26675.502966
2505,FunctionPointerExchange,Exception,1754250269334075050,,,1754250295988746304,,26654.671254
2506,FunctionPointerExchange,Exception,1754250295988755934,,,1754250322668324292,,26679.568358
2507,FunctionPointerExchange,Exception,1754250322668328503,,,1754250349352877898,,26684.549395
2508,FunctionPointerExchange,Exception,1754250349352885612,,,1754250376037007061,,26684.121449
2509,FunctionPointerExchange,Exception,1754250376037014252,,,1754250402699839509,,26662.825257
2510,FunctionPointerExchange,Exception,1754250402699847766,,,1754250429366644549,,26666.796783
2511,FunctionPointerExchange,Exception,1754250429366652456,,,1754250456075178964,,26708.526508
2512,FunctionPointerExchange,Exception,1754250456075188877,,,1754250482764087298,,26688.898421
2513,FunctionPointerExchange,Exception,1754250482764093095,,,1754250509491336507,,26727.243412
2514,FunctionPointerExchange,Exception,1754250509491345474,,,1754250536211033467,,26719.687993
2515,FunctionPointerExchange,Exception,1754250536211040707,,,1754250562917299779,,26706.259072
2516,FunctionPointerExchange,Exception,1754250562917307317,,,1754250589637050756,,26719.743439
2517,FunctionPointerExchange,Exception,1754250589637057733,,,1754250616294616450,,26657.558717
2518,FunctionPointerExchange,Exception,1754250616294623558,,,1754250642976057119,,26681.433561
2519,FunctionPointerExchange,Exception,1754250642976070634,,,1754250669648982354,,26672.91172
2520,FunctionPointerExchange,Exception,1754250669648989102,,,1754250696328334804,,26679.345702
2521,FunctionPointerExchange,Exception,1754250696328339061,,,1754250722995522644,,26667.183583
2522,FunctionPointerExchange,Exception,1754250722995526762,,,1754250749660847999,,26665.321237
2523,FunctionPointerExchange,Exception,1754250749660855764,,,1754250776345800019,,26684.944255
2524,FunctionPointerExchange,Exception,1754250776345807963,,,1754250803023597682,,26677.789719
2525,FunctionPointerExchange,Exception,1754250803023605656,,,1754250829703104040,,26679.498384
2526,FunctionPointerExchange,Exception,1754250829703112605,,,1754250856403963773,,26700.851168
2527,FunctionPointerExchange,Exception,1754250856403970555,,,1754250883080330286,,26676.359731
2528,FunctionPointerExchange,Exception,1754250883080337540,,,1754250909762401409,,26682.063869
2529,FunctionPointerExchange,Exception,1754250909762411316,,,1754250936424734525,,26662.323209
2530,FunctionPointerExchange,Exception,1754250936424740942,,,1754250963141410629,,26716.669687
2531,FunctionPointerExchange,Exception,1754250963141416358,,,1754250989476572908,,26335.15655
2532,FunctionPointerExchange,Exception,1754250989476580295,,,1754251015861897791,,26385.317496
2533,FunctionPointerExchange,Exception,1754251015861907212,,,1754251042520410973,,26658.503761
2534,FunctionPointerExchange,Exception,1754251042520418716,,,1754251069197987147,,26677.568431
2535,FunctionPointerExchange,Exception,1754251069197993803,,,1754251095665990850,,26467.997047
2536,FunctionPointerExchange,Exception,1754251095665998865,,,1754251122333152702,,26667.153837
2537,FunctionPointerExchange,Exception,1754251122333159803,,,1754251149033607654,,26700.447851
2538,FunctionPointerExchange,Exception,1754251149033614780,,,1754251175720469835,,26686.855055
2539,FunctionPointerExchange,Exception,1754251175720476928,,,1754251202395506593,,26675.029665
2540,FunctionPointerExchange,Exception,1754251202395525919,,,1754251229069125063,,26673.599144
2541,FunctionPointerExchange,Exception,1754251229069134073,,,1754251255510204968,,26441.070895
2542,FunctionPointerExchange,Exception,1754251255510213871,,,1754251281177976547,,25667.762676
2543,FunctionPointerExchange,Exception,1754251281177985924,,,1754251306847264930,,25669.279006
2544,FunctionPointerExchange,Exception,1754251306847273850,,,1754251332929997582,,26082.723732
2545,FunctionPointerExchange,Exception,1754251332930005701,,,1754251359184973739,,26254.968038
2546,FunctionPointerExchange,Exception,1754251359184983272,,,1754251385075763952,,25890.78068
2547,FunctionPointerExchange,Exception,1754251385075773818,,,1754251411789103593,,26713.329775
2548,FunctionPointerExchange,Exception,1754251411789108836,,,1754251438193165069,,26404.056233
2549,FunctionPointerExchange,Exception,1754251438193172747,,,1754251464875302649,,26682.129902
2550,FunctionPointerExchange,Exception,1754251464875310710,,,1754251491558765496,,26683.454786
2551,FunctionPointerExchange,Exception,1754251491558773098,,,1754251518097517882,,26538.744784
2552,FunctionPointerExchange,Exception,1754251518097528035,,,1754251544454031694,,26356.503659
2553,FunctionPointerExchange,Exception,1754251544454039117,,,1754251571097885286,,26643.846169
2554,FunctionPointerExchange,Exception,1754251571097894388,,,1754251597807459634,,26709.565246
2555,FunctionPointerExchange,Exception,1754251597807468309,,,1754251624042612694,,26235.144385
2556,FunctionPointerExchange,Exception,1754251624042620078,,,1754251650082149096,,26039.529018
2557,FunctionPointerExchange,Exception,1754251650082157999,,,1754251675758757038,,25676.599039
2558,FunctionPointerExchange,Exception,1754251675758765721,,,1754251701482471502,,25723.705781
2559,FunctionPointerExchange,Exception,1754251701482480219,,,1754251727239696062,,25757.215843
2560,FunctionPointerExchange,Exception,1754251727239704036,,,1754251753961551021,,26721.846985
2561,FunctionPointerExchange,Exception,1754251753961570403,,,1754251780654266082,,26692.695679
2562,FunctionPointerExchange,Exception,1754251780654272848,,,1754251807320522235,,26666.249387
2563,FunctionPointerExchange,Exception,1754251807320530576,,,1754251833999044057,,26678.513481
2564,FunctionPointerExchange,Exception,1754251833999051246,,,1754251860670865493,,26671.814247
2565,FunctionPointerExchange,Exception,1754251860670872539,,,1754251887344525771,,26673.653232
2566,FunctionPointerExchange,Exception,1754251887344533709,,,1754251914015880630,,26671.346921
2567,FunctionPointerExchange,Exception,1754251914015889443,,,1754251939889558307,,25873.668864
2568,FunctionPointerExchange,Exception,1754251939889567967,,,1754251965587477574,,25697.909607
2569,FunctionPointerExchange,Exception,1754251965587486325,,,1754251991325377147,,25737.890822
2570,FunctionPointerExchange,Exception,1754251991325384499,,,1754252017072902535,,25747.518036
2571,FunctionPointerExchange,Exception,1754252017072910329,,,1754252042737281454,,25664.371125
2572,FunctionPointerExchange,Exception,1754252042737290171,,,1754252069022306455,,26285.016284
2573,FunctionPointerExchange,Exception,1754252069022315317,,,1754252095211284203,,26188.968886
2574,FunctionPointerExchange,Exception,1754252095211295432,,,1754252121767704588,,26556.409156
2575,FunctionPointerExchange,Exception,1754252121767712536,,,1754252147725679710,,25957.967174
2576,FunctionPointerExchange,Exception,1754252147725688337,,,1754252174305200101,,26579.511764
2577,FunctionPointerExchange,Exception,1754252174305207580,,,1754252201016180494,,26710.972914
2578,FunctionPointerExchange,Exception,1754252201016188236,,,1754252227639239092,,26623.050856
2579,FunctionPointerExchange,Exception,1754252227639246610,,,1754252254344471383,,26705.224773
2580,FunctionPointerExchange,Exception,1754252254344479458,,,1754252281045804686,,26701.325228
2581,FunctionPointerExchange,Exception,1754252281045813239,,,1754252307755207357,,26709.394118
2582,FunctionPointerExchange,Exception,1754252307755216722,,,1754252334346322325,,26591.105603
2583,FunctionPointerExchange,Exception,1754252334346361829,,,1754252360542520665,,26196.158836
2584,FunctionPointerExchange,Exception,1754252360542528248,,,1754252386706587659,,26164.059411
2585,FunctionPointerExchange,Exception,1754252386706596690,,,1754252413049791854,,26343.195164
2586,FunctionPointerExchange,Exception,1754252413049797400,,,1754252438877300872,,25827.503472
2587,FunctionPointerExchange,Exception,1754252438877308133,,,1754252464581552442,,25704.244309
2588,FunctionPointerExchange,Exception,1754252464581561699,,,1754252491352430092,,26770.868393
2589,FunctionPointerExchange,Exception,1754252491352436551,,,1754252517797056739,,26444.620188
2590,FunctionPointerExchange,Exception,1754252517797066174,,,1754252544459307855,,26662.241681
2591,FunctionPointerExchange,Exception,1754252544459316260,,,1754252571122076091,,26662.759831
2592,FunctionPointerExchange,Exception,1754252571122084145,,,1754252597807889188,,26685.805043
2593,FunctionPointerExchange,Exception,1754252597807899099,,,1754252624542469593,,26734.570494
2594,FunctionPointerExchange,Exception,1754252624542478292,,,1754252651234720571,,26692.242279
2595,FunctionPointerExchange,Exception,1754252651234727175,,,1754252677927624908,,26692.897733
2596,FunctionPointerExchange,Exception,1754252677927633764,,,1754252704556705935,,26629.072171
2597,FunctionPointerExchange,Exception,1754252704556713519,,,1754252730665180911,,26108.467392
2598,FunctionPointerExchange,Exception,1754252730665189430,,,1754252757091816353,,26426.626923
2599,FunctionPointerExchange,Exception,1754252757091825449,,,1754252783790577588,,26698.752139
3000,FunctionPointerExchangeCallConv,ErrorReturn,1754253439589813068,,,1754253466563283827,,26973.470759
3001,FunctionPointerExchangeCallConv,ErrorReturn,1754253466563292680,,,1754253493601167430,,27037.87475
3002,FunctionPointerExchangeCallConv,ErrorReturn,1754253493601177879,,,1754253520394910290,,26793.732411
3003,FunctionPointerExchangeCallConv,ErrorReturn,1754253520394920022,,,1754253547131848683,,26736.928661
3004,FunctionPointerExchangeCallConv,ErrorReturn,1754253547131856957,,,1754253573822090444,,26690.233487
3005,FunctionPointerExchangeCallConv,ErrorReturn,1754253573822098292,,,1754253600506421676,,26684.323384
3006,FunctionPointerExchangeCallConv,ErrorReturn,1754253600506431991,,,1754253628011606412,,27505.174421
3007,FunctionPointerExchangeCallConv,ErrorReturn,1754253628011615348,,,1754253655023963210,,27012.347862
3008,FunctionPointerExchangeCallConv,ErrorReturn,1754253655023975119,,,1754253681773960786,,26749.985667
3009,FunctionPointerExchangeCallConv,ErrorReturn,1754253681773983527,,,1754253708540985675,,26767.002148
3010,FunctionPointerExchangeCallConv,ErrorReturn,1754253708540995010,,,1754253735375239628,,26834.244618
3011,FunctionPointerExchangeCallConv,ErrorReturn,1754253735375245837,,,1754253762103652240,,26728.406403
3012,FunctionPointerExchangeCallConv,ErrorReturn,1754253762103659603,,,1754253788793447784,,26689.788181
3013,FunctionPointerExchangeCallConv,ErrorReturn,1754253788793454448,,,1754253816037760693,,27244.306245
3014,FunctionPointerExchangeCallConv,ErrorReturn,1754253816037768834,,,1754253843214384424,,27176.61559
3015,FunctionPointerExchangeCallConv,ErrorReturn,1754253843214393410,,,1754253870031546931,,26817.153521
3016,FunctionPointerExchangeCallConv,ErrorReturn,1754253870031557301,,,1754253896852850208,,26821.292907
3017,FunctionPointerExchangeCallConv,ErrorReturn,1754253896852859429,,,1754253923653987557,,26801.128128
3018,FunctionPointerExchangeCallConv,ErrorReturn,1754253923653997708,,,1754253950658529621,,27004.531913
3019,FunctionPointerExchangeCallConv,ErrorReturn,1754253950658540838,,,1754253977774875527,,27116.334689
3020,FunctionPointerExchangeCallConv,ErrorReturn,1754253977774884235,,,1754254004767398698,,26992.514463
3021,FunctionPointerExchangeCallConv,ErrorReturn,1754254004767406918,,,1754254031571831773,,26804.424855
3022,FunctionPointerExchangeCallConv,ErrorReturn,1754254031571841217,,,1754254058399536979,,26827.695762
3023,FunctionPointerExchangeCallConv,ErrorReturn,1754254058399545339,,,1754254085230596450,,26831.051111
3024,FunctionPointerExchangeCallConv,ErrorReturn,1754254085230602596,,,1754254111995736255,,26765.133659
3025,FunctionPointerExchangeCallConv,ErrorReturn,1754254111995743658,,,1754254139001504843,,27005.761185
3026,FunctionPointerExchangeCallConv,ErrorReturn,1754254139001513915,,,1754254166439826787,,27438.312872
3027,FunctionPointerExchangeCallConv,ErrorReturn,1754254166439835488,,,1754254193245265751,,26805.430263
3028,FunctionPointerExchangeCallConv,ErrorReturn,1754254193245286540,,,1754254219959527668,,26714.241128
3029,FunctionPointerExchangeCallConv,ErrorReturn,1754254219959538064,,,1754254246716747409,,26757.209345
3030,FunctionPointerExchangeCallConv,ErrorReturn,1754254246716755388,,,1754254273466954669,,26750.199281
3031,FunctionPointerExchangeCallConv,ErrorReturn,1754254273466961656,,,1754254300192997643,,26726.035987
3032,FunctionPointerExchangeCallConv,ErrorReturn,1754254300193006181,,,1754254327538204517,,27345.198336
3033,FunctionPointerExchangeCallConv,ErrorReturn,1754254327538215371,,,1754254354381243637,,26843.028266
3034,FunctionPointerExchangeCallConv,ErrorReturn,1754254354381253769,,,1754254381228462670,,26847.208901
3035,FunctionPointerExchangeCallConv,ErrorReturn,1754254381228470272,,,1754254407976103463,,26747.633191
3036,FunctionPointerExchangeCallConv,ErrorReturn,1754254407976111395,,,1754254434676145116,,26700.033721
3037,FunctionPointerExchangeCallConv,ErrorReturn,1754254434676153987,,,1754254461362105524,,26685.951537
3038,FunctionPointerExchangeCallConv,ErrorReturn,1754254461362111947,,,1754254488010962790,,26648.850843
3039,FunctionPointerExchangeCallConv,ErrorReturn,1754254488010971634,,,1754254515206253729,,27195.282095
3040,FunctionPointerExchangeCallConv,ErrorReturn,1754254515206264181,,,1754254542707104507,,27500.840326
3041,FunctionPointerExchangeCallConv,ErrorReturn,1754254542707112099,,,1754254569778642433,,27071.530334
3042,FunctionPointerExchangeCallConv,ErrorReturn,1754254569778648770,,,1754254596779853933,,27001.205163
3043,FunctionPointerExchangeCallConv,ErrorReturn,1754254596779863607,,,1754254623805832660,,27025.969053
3044,FunctionPointerExchangeCallConv,ErrorReturn,1754254623805841599,,,1754254651206858119,,27401.01652
3045,FunctionPointerExchangeCallConv,ErrorReturn,1754254651206867168,,,1754254677988464357,,26781.597189
3046,FunctionPointerExchangeCallConv,ErrorReturn,1754254677988474272,,,1754254704742322837,,26753.848565
3047,FunctionPointerExchangeCallConv,ErrorReturn,1754254704742331223,,,1754254731640101569,,26897.770346
3048,FunctionPointerExchangeCallConv,ErrorReturn,1754254731640116647,,,1754254758447431147,,26807.3145
3049,FunctionPointerExchangeCallConv,ErrorReturn,1754254758447441429,,,1754254785168379130,,26720.937701
3050,FunctionPointerExchangeCallConv,ErrorReturn,1754254785168387936,,,1754254811895455727,,26727.067791
3051,FunctionPointerExchangeCallConv,ErrorReturn,1754254811895462758,,,1754254838644304099,,26748.841341
3052,FunctionPointerExchangeCallConv,ErrorReturn,1754254838644313065,,,1754254865380022484,,26735.709419
3053,FunctionPointerExchangeCallConv,ErrorReturn,1754254865380030565,,,1754254892801983991,,27421.953426
3054,FunctionPointerExchangeCallConv,ErrorReturn,1754254892801991535,,,1754254919814469700,,27012.478165
3055,FunctionPointerExchangeCallConv,ErrorReturn,1754254919814479273,,,1754254946632456219,,26817.976946
3056,FunctionPointerExchangeCallConv,ErrorReturn,1754254946632465526,,,1754254973393163581,,26760.698055
3057,FunctionPointerExchangeCallConv,ErrorReturn,1754254973393169010,,,1754255000142478001,,26749.308991
3058,FunctionPointerExchangeCallConv,ErrorReturn,1754255000142486900,,,1754255026843063852,,26700.576952
3059,FunctionPointerExchangeCallConv,ErrorReturn,1754255026843071876,,,1754255053592029530,,26748.957654
3060,FunctionPointerExchangeCallConv,ErrorReturn,1754255053592039151,,,1754255080895606077,,27303.566926
3061,FunctionPointerExchangeCallConv,ErrorReturn,1754255080895615744,,,1754255107991615775,,27096.000031
3062,FunctionPointerExchangeCallConv,ErrorReturn,1754255107991624649,,,1754255134476721831,,26485.097182
3063,FunctionPointerExchangeCallConv,ErrorReturn,1754255134476730860,,,1754255160997316689,,26520.585829
3064,FunctionPointerExchangeCallConv,ErrorReturn,1754255160997324259,,,1754255187837609004,,26840.284745
3065,FunctionPointerExchangeCallConv,ErrorReturn,1754255187837617059,,,1754255214600885794,,26763.268735
3066,FunctionPointerExchangeCallConv,ErrorReturn,1754255214600894624,,,1754255241350051152,,26749.156528
3067,FunctionPointerExchangeCallConv,ErrorReturn,1754255241350058038,,,1754255268050332663,,26700.274625
3068,FunctionPointerExchangeCallConv,ErrorReturn,1754255268050355073,,,1754255295016714132,,26966.359059
3069,FunctionPointerExchangeCallConv,ErrorReturn,1754255295016719883,,,1754255321760222644,,26743.502761
3070,FunctionPointerExchangeCallConv,ErrorReturn,1754255321760232895,,,1754255348449530910,,26689.298015
3071,FunctionPointerExchangeCallConv,ErrorReturn,1754255348449540207,,,1754255375437152372,,26987.612165
3072,FunctionPointerExchangeCallConv,ErrorReturn,1754255375437162712,,,1754255402427754838,,26990.592126
3073,FunctionPointerExchangeCallConv,ErrorReturn,1754255402427763101,,,1754255429198169603,,26770.406502
3074,FunctionPointerExchangeCallConv,ErrorReturn,1754255429198178614,,,1754255456942304766,,27744.126152
3075,FunctionPointerExchangeCallConv,ErrorReturn,1754255456942313998,,,1754255483849970169,,26907.656171
3076,FunctionPointerExchangeCallConv,ErrorReturn,1754255483849980088,,,1754255510623974778,,26773.99469
3077,FunctionPointerExchangeCallConv,ErrorReturn,1754255510623983259,,,1754255537514667187,,26890.683928
3078,FunctionPointerExchangeCallConv,ErrorReturn,1754255537514675350,,,1754255564298388725,,26783.713375
3079,FunctionPointerExchangeCallConv,ErrorReturn,1754255564298397678,,,1754255591067434201,,26769.036523
3080,FunctionPointerExchangeCallConv,ErrorReturn,1754255591067443508,,,1754255617876030028,,26808.58652
3081,FunctionPointerExchangeCallConv,ErrorReturn,1754255617876040740,,,1754255644848855630,,26972.81489
3082,FunctionPointerExchangeCallConv,ErrorReturn,1754255644848865165,,,1754255671612500302,,26763.635137
3083,FunctionPointerExchangeCallConv,ErrorReturn,1754255671612507326,,,1754255698473369851,,26860.862525
3084,FunctionPointerExchangeCallConv,ErrorReturn,1754255698473378825,,,1754255725704060494,,27230.681669
3085,FunctionPointerExchangeCallConv,ErrorReturn,1754255725704068722,,,1754255752762685114,,27058.616392
3086,FunctionPointerExchangeCallConv,ErrorReturn,1754255752762696022,,,1754255779503327538,,26740.631516
3087,FunctionPointerExchangeCallConv,ErrorReturn,1754255779503347076,,,1754255806252694742,,26749.347666
3088,FunctionPointerExchangeCallConv,ErrorReturn,1754255806252701939,,,1754255832987016340,,26734.314401
3089,FunctionPointerExchangeCallConv,ErrorReturn,1754255832987022803,,,1754255859703491136,,26716.468333
3090,FunctionPointerExchangeCallConv,ErrorReturn,1754255859703498501,,,1754255886415362339,,26711.863838
3091,FunctionPointerExchangeCallConv,ErrorReturn,1754255886415373229,,,1754255913088878951,,26673.505722
3092,FunctionPointerExchangeCallConv,ErrorReturn,1754255913088884367,,,1754255939745763398,,26656.879031
3093,FunctionPointerExchangeCallConv,ErrorReturn,1754255939745773267,,,1754255966426262717,,26680.48945
3094,FunctionPointerExchangeCallConv,ErrorReturn,1754255966426269708,,,1754255993120912477,,26694.642769
3095,FunctionPointerExchangeCallConv,ErrorReturn,1754255993120924574,,,1754256019920124107,,26799.199533
3096,FunctionPointerExchangeCallConv,ErrorReturn,1754256019920133281,,,1754256046670125050,,26749.991769
3097,FunctionPointerExchangeCallConv,ErrorReturn,1754256046670135071,,,1754256073422633505,,26752.498434
3098,FunctionPointerExchangeCallConv,ErrorReturn,1754256073422641311,,,1754256100205256498,,26782.615187
3099,FunctionPointerExchangeCallConv,ErrorReturn,1754256100205263764,,,1754256127003921075,,26798.657311
3500,Interval,ErrorReturn,1754256782807561864,,,1754256809456609741,,26649.047877
3501,Interval,ErrorReturn,1754256809456629624,,,1754256836101881261,,26645.251637
3502,Interval,ErrorReturn,1754256836101890966,,,1754256862759178424,,26657.287458
3503,Interval,ErrorReturn,1754256862759187281,,,1754256889192757469,,26433.570188
3504,Interval,ErrorReturn,1754256889192765803,,,1754256914895523507,,25702.757704
3505,Interval,ErrorReturn,1754256914895528801,,,1754256941067561152,,26172.032351
3506,Interval,ErrorReturn,1754256941067571551,,,1754256967463749152,,26396.177601
3507,Interval,ErrorReturn,1754256967463756940,,,1754256993993878828,,26530.121888
3508,Interval,ErrorReturn,1754256993993888401,,,1754257019589441044,,25595.552643
3509,Interval,ErrorReturn,1754257019589449777,,,1754257045175020515,,25585.570738
3510,Interval,ErrorReturn,1754257045175029788,,,1754257071115679776,,25940.649988
3511,Interval,ErrorReturn,1754257071115688444,,,1754257097810793674,,26695.10523
3512,Interval,ErrorReturn,1754257097810802947,,,1754257124509936071,,26699.133124
3513,Interval,ErrorReturn,1754257124509946390,,,1754257151175402318,,26665.455928
3514,Interval,ErrorReturn,1754257151175411125,,,1754257176895053139,,25719.642014
3515,Interval,ErrorReturn,1754257176895063540,,,1754257202466145246,,25571.081706
3516,Interval,ErrorReturn,1754257202466154103,,,1754257228737029624,,26270.875521
3517,Interval,ErrorReturn,1754257228737038089,,,1754257255429612254,,26692.574165
3518,Interval,ErrorReturn,1754257255429620309,,,1754257282115350196,,26685.729887
3519,Interval,ErrorReturn,1754257282115358837,,,1754257308794464034,,26679.105197
3520,Interval,ErrorReturn,1754257308794473380,,,1754257334554468943,,25759.995563
3521,Interval,ErrorReturn,1754257334554476078,,,1754257360174579554,,25620.103476
3522,Interval,ErrorReturn,1754257360174587463,,,1754257386647320396,,26472.732933
3523,Interval,ErrorReturn,1754257386647328261,,,1754257412992922087,,26345.593826
3524,Interval,ErrorReturn,1754257412992930417,,,1754257439532121552,,26539.191135
3525,Interval,ErrorReturn,1754257439532131116,,,1754257465359158578,,25827.027462
3526,Interval,ErrorReturn,1754257465359177029,,,1754257491644757450,,26285.580421
3527,Interval,ErrorReturn,1754257491644765758,,,1754257517548712071,,25903.946313
3528,Interval,ErrorReturn,1754257517548721250,,,1754257544194506622,,26645.785372
3529,Interval,ErrorReturn,1754257544194518296,,,1754257570721877835,,26527.359539
3530,Interval,ErrorReturn,1754257570721886572,,,1754257596309921707,,25588.035135
3531,Interval,ErrorReturn,1754257596309928858,,,1754257622558006931,,26248.078073
3532,Interval,ErrorReturn,1754257622558015136,,,1754257648403154717,,25845.139581
3533,Interval,ErrorReturn,1754257648403162986,,,1754257674922086910,,26518.923924
3534,Interval,ErrorReturn,1754257674922091413,,,1754257701606334539,,26684.243126
3535,Interval,ErrorReturn,1754257701606343279,,,1754257728224065894,,26617.722615
3536,Interval,ErrorReturn,1754257728224075539,,,1754257754849838606,,26625.763067
3537,Interval,ErrorReturn,1754257754849846738,,,1754257781267484975,,26417.638237
3538,Interval,ErrorReturn,1754257781267493484,,,1754257807398452091,,26130.958607
3539,Interval,ErrorReturn,1754257807398460789,,,1754257833138770495,,25740.309706
3540,Interval,ErrorReturn,1754257833138779507,,,1754257859088340764,,25949.561257
3541,Interval,ErrorReturn,1754257859088350696,,,1754257885762772945,,26674.422249
3542,Interval,ErrorReturn,1754257885762780454,,,1754257912432430133,,26669.649679
3543,Interval,ErrorReturn,1754257912432439338,,,1754257938987335548,,26554.89621
3544,Interval,ErrorReturn,1754257938987344187,,,1754257964916789910,,25929.445723
3545,Interval,ErrorReturn,1754257964916794746,,,1754257991535305908,,26618.511162
3546,Interval,ErrorReturn,1754257991535314559,,,1754258017295021403,,25759.706844
3547,Interval,ErrorReturn,1754258017295029708,,,1754258043627871650,,26332.841942
3548,Interval,ErrorReturn,1754258043627881790,,,1754258069282528771,,25654.646981
3549,Interval,ErrorReturn,1754258069282539055,,,1754258095366364984,,26083.825929
3550,Interval,ErrorReturn,1754258095366374624,,,1754258121139389606,,25773.014982
3551,Interval,ErrorReturn,1754258121139398019,,,1754258146710650239,,25571.25222
3552,Interval,ErrorReturn,1754258146710665590,,,1754258172290639341,,25579.973751
3553,Interval,ErrorReturn,1754258172290644620,,,1754258197907354107,,25616.709487
3554,Interval,ErrorReturn,1754258197907362604,,,1754258223503801687,,25596.439083
3555,Interval,ErrorReturn,1754258223503810126,,,1754258249259639990,,25755.829864
3556,Interval,ErrorReturn,1754258249259650724,,,1754258274991815596,,25732.164872
3557,Interval,ErrorReturn,1754258274991826892,,,1754258300565894770,,25574.067878
3558,Interval,ErrorReturn,1754258300565904040,,,1754258326692456564,,26126.552524
3559,Interval,ErrorReturn,1754258326692467124,,,1754258352306372432,,25613.905308
3560,Interval,ErrorReturn,1754258352306380227,,,1754258378160001559,,25853.621332
3561,Interval,ErrorReturn,1754258378160015265,,,1754258403862888836,,25702.873571
3562,Interval,ErrorReturn,1754258403862897784,,,1754258430025974315,,26163.076531
3563,Interval,ErrorReturn,1754258430025979423,,,1754258456624319699,,26598.340276
3564,Interval,ErrorReturn,1754258456624326917,,,1754258483211848075,,26587.521158
3565,Interval,ErrorReturn,1754258483211857436,,,1754258509349499588,,26137.642152
3566,Interval,ErrorReturn,1754258509349507980,,,1754258536006264942,,26656.756962
3567,Interval,ErrorReturn,1754258536006276581,,,1754258562639392686,,26633.116105
3568,Interval,ErrorReturn,1754258562639403834,,,1754258589330114914,,26690.71108
3569,Interval,ErrorReturn,1754258589330124816,,,1754258616016748610,,26686.623794
3570,Interval,ErrorReturn,1754258616016756393,,,1754258642648496236,,26631.739843
3571,Interval,ErrorReturn,1754258642648503817,,,1754258669295061501,,26646.557684
3572,Interval,ErrorReturn,1754258669295069388,,,1754258695950403053,,26655.333665
3573,Interval,ErrorReturn,1754258695950410549,,,1754258722213992089,,26263.58154
3574,Interval,ErrorReturn,1754258722214000791,,,1754258747884807215,,25670.806424
3575,Interval,ErrorReturn,1754258747884816411,,,1754258773605890516,,25721.074105
3576,Interval,ErrorReturn,1754258773605898651,,,1754258800279817028,,26673.918377
3577,Interval,ErrorReturn,1754258800279835845,,,1754258825925570785,,25645.73494
3578,Interval,ErrorReturn,1754258825925577706,,,1754258851680241692,,25754.663986
3579,Interval,ErrorReturn,1754258851680251613,,,1754258877225055309,,25544.803696
3580,Interval,ErrorReturn,1754258877225062474,,,1754258903599691287,,26374.628813
3581,Interval,ErrorReturn,1754258903599700592,,,1754258930263765644,,26664.065052
3582,Interval,ErrorReturn,1754258930263774458,,,1754258956842131961,,26578.357503
3583,Interval,ErrorReturn,1754258956842141312,,,1754258983423325801,,26581.184489
3584,Interval,ErrorReturn,1754258983423332762,,,1754259010096120844,,26672.788082
3585,Interval,ErrorReturn,1754259010096129496,,,1754259036746580146,,26650.45065
3586,Interval,ErrorReturn,1754259036746589647,,,1754259063406524359,,26659.934712
3587,Interval,ErrorReturn,1754259063406532429,,,1754259089827734653,,26421.202224
3588,Interval,ErrorReturn,1754259089827743667,,,1754259115836888306,,26009.144639
3589,Interval,ErrorReturn,1754259115836896457,,,1754259141568035476,,25731.139019
3590,Interval,ErrorReturn,1754259141568045632,,,1754259167151466227,,25583.420595
3591,Interval,ErrorReturn,1754259167151474287,,,1754259192720699856,,25569.225569
3592,Interval,ErrorReturn,1754259192720707845,,,1754259218776589993,,26055.882148
3593,Interval,ErrorReturn,1754259218776598922,,,1754259245404588092,,26627.98917
3594,Interval,ErrorReturn,1754259245404598212,,,1754259270952911900,,25548.313688
3595,Interval,ErrorReturn,1754259270952921286,,,1754259296522697003,,25569.775717
3596,Interval,ErrorReturn,1754259296522704248,,,1754259322120536086,,25597.831838
3597,Interval,ErrorReturn,1754259322120544062,,,1754259347715350288,,25594.806226
3598,Interval,ErrorReturn,1754259347715359780,,,1754259374237013950,,26521.65417
3599,Interval,ErrorReturn,1754259374237022992,,,1754259400538535134,,26301.512142
4000,Interval,Exception,1754260059939164246,,,1754260086589531456,,26650.36721
4001,Interval,Exception,1754260086589539777,,,1754260113296262893,,26706.723116
4002,Interval,Exception,1754260113296271464,,,1754260139965619523,,26669.348059
4003,Interval,Exception,1754260139965629331,,,1754260166624991117,,26659.361786
4004,Interval,Exception,1754260166624998428,,,1754260193269907001,,26644.908573
4005,Interval,Exception,1754260193269918287,,,1754260219895891265,,26625.972978
4006,Interval,Exception,1754260219895900765,,,1754260246445301744,,26549.400979
4007,Interval,Exception,1754260246445311591,,,1754260272243205894,,25797.894303
4008,Interval,Exception,1754260272243214349,,,1754260297883531334,,25640.316985
4009,Interval,Exception,1754260297883539221,,,1754260324517198124,,26633.658903
4010,Interval,Exception,1754260324517209312,,,1754260351150747975,,26633.538663
4011,Interval,Exception,1754260351150757332,,,1754260377822171812,,26671.41448
4012,Interval,Exception,1754260377822192959,,,1754260404539756033,,26717.563074
4013,Interval,Exception,1754260404539765534,,,1754260431259178628,,26719.413094
4014,Interval,Exception,1754260431259187609,,,1754260457610014330,,26350.826721
4015,Interval,Exception,1754260457610022305,,,1754260483265865021,,25655.842716
4016,Interval,Exception,1754260483265873317,,,1754260509048633297,,25782.75998
4017,Interval,Exception,1754260509048640557,,,1754260535003528415,,25954.887858
4018,Interval,Exception,1754260535003533407,,,1754260561715742579,,26712.209172
4019,Interval,Exception,1754260561715750319,,,1754260588370418805,,26654.668486
4020,Interval,Exception,1754260588370427485,,,1754260614999180965,,26628.75348
4021,Interval,Exception,1754260614999190957,,,1754260641658888980,,26659.698023
4022,Interval,Exception,1754260641658896656,,,1754260668326181094,,26667.284438
4023,Interval,Exception,1754260668326189658,,,1754260694803780275,,26477.590617
4024,Interval,Exception,1754260694803788557,,,1754260721112565807,,26308.77725
4025,Interval,Exception,1754260721112574515,,,1754260747633498165,,26520.92365
4026,Interval,Exception,1754260747633507385,,,1754260773258184564,,25624.677179
4027,Interval,Exception,1754260773258194795,,,1754260798877540509,,25619.345714
4028,Interval,Exception,1754260798877548057,,,1754260825142224711,,26264.676654
4029,Interval,Exception,1754260825142234567,,,1754260851914419214,,26772.184647
4030,Interval,Exception,1754260851914430372,,,1754260878655136577,,26740.706205
4031,Interval,Exception,1754260878655144765,,,1754260905326592233,,26671.447468
4032,Interval,Exception,1754260905326603932,,,1754260930958718650,,25632.114718
4033,Interval,Exception,1754260930958727104,,,1754260956776776885,,25818.049781
4034,Interval,Exception,1754260956776786618,,,1754260982956410914,,26179.624296
4035,Interval,Exception,1754260982956420415,,,1754261008572114884,,25615.694469
4036,Interval,Exception,1754261008572123054,,,1754261034189133318,,25617.010264
4037,Interval,Exception,1754261034189141494,,,1754261059796409809,,25607.268315
4038,Interval,Exception,1754261059796426950,,,1754261085819022500,,26022.59555
4039,Interval,Exception,1754261085819033649,,,1754261112529601649,,26710.568
4040,Interval,Exception,1754261112529609997,,,1754261138475085745,,25945.475748
4041,Interval,Exception,1754261138475096724,,,1754261164091705344,,25616.60862
4042,Interval,Exception,1754261164091713074,,,1754261189724033392,,25632.320318
4043,Interval,Exception,1754261189724043384,,,1754261215364600731,,25640.557347
4044,Interval,Exception,1754261215364609915,,,1754261240978900690,,25614.290775
4045,Interval,Exception,1754261240978909458,,,1754261266608643878,,25629.73442
4046,Interval,Exception,1754261266608652736,,,1754261292220488195,,25611.835459
4047,Interval,Exception,1754261292220496595,,,1754261317909325405,,25688.82881
4048,Interval,Exception,1754261317909335477,,,1754261343578850062,,25669.514585
4049,Interval,Exception,1754261343578858070,,,1754261369233062503,,25654.204433
4050,Interval,Exception,1754261369233071446,,,1754261394853076624,,25620.005178
4051,Interval,Exception,1754261394853084371,,,1754261420500812727,,25647.728356
4052,Interval,Exception,1754261420500820142,,,1754261446130714426,,25629.894284
4053,Interval,Exception,1754261446130719109,,,1754261471772879751,,25642.160642
4054,Interval,Exception,1754261471772887636,,,1754261498471232856,,26698.34522
4055,Interval,Exception,1754261498471243939,,,1754261524203855008,,25732.611069
4056,Interval,Exception,1754261524203864035,,,1754261550213622168,,26009.758133
4057,Interval,Exception,1754261550213632445,,,1754261576899931072,,26686.298627
4058,Interval,Exception,1754261576899940342,,,1754261603089990896,,26190.050554
4059,Interval,Exception,1754261603089999457,,,1754261628747506641,,25657.507184
4060,Interval,Exception,1754261628747514385,,,1754261654628651592,,25881.137207
4061,Interval,Exception,1754261654628661583,,,1754261681237424317,,26608.762734
4062,Interval,Exception,1754261681237434268,,,1754261707202946961,,25965.512693
4063,Interval,Exception,1754261707202967168,,,1754261732785047699,,25582.080531
4064,Interval,Exception,1754261732785057831,,,1754261758657233893,,25872.176062
4065,Interval,Exception,1754261758657243222,,,1754261785054234985,,26396.991763
4066,Interval,Exception,1754261785054244232,,,1754261811712721820,,26658.477588
4067,Interval,Exception,1754261811712730055,,,1754261838350060070,,26637.330015
4068,Interval,Exception,1754261838350068674,,,1754261864942755909,,26592.687235
4069,Interval,Exception,1754261864942765285,,,1754261891535557662,,26592.792377
4070,Interval,Exception,1754261891535569974,,,1754261917299038053,,25763.468079
4071,Interval,Exception,1754261917299048323,,,1754261943579632774,,26280.584451
4072,Interval,Exception,1754261943579642089,,,1754261970252709349,,26673.06726
4073,Interval,Exception,1754261970252720754,,,1754261996919519175,,26666.798421
4074,Interval,Exception,1754261996919528861,,,1754262023559317979,,26639.789118
4075,Interval,Exception,1754262023559326121,,,1754262050203814340,,26644.488219
4076,Interval,Exception,1754262050203822485,,,1754262076614059743,,26410.237258
4077,Interval,Exception,1754262076614069802,,,1754262103227886746,,26613.816944
4078,Interval,Exception,1754262103227894742,,,1754262129674959836,,26447.065094
4079,Interval,Exception,1754262129674970341,,,1754262155536404296,,25861.433955
4080,Interval,Exception,1754262155536413499,,,1754262182180298519,,26643.88502
4081,Interval,Exception,1754262182180309956,,,1754262208256706140,,26076.396184
4082,Interval,Exception,1754262208256714901,,,1754262234263124062,,26006.409161
4083,Interval,Exception,1754262234263132848,,,1754262260582531196,,26319.398348
4084,Interval,Exception,1754262260582539738,,,1754262287213760123,,26631.220385
4085,Interval,Exception,1754262287213769642,,,1754262312991963015,,25778.193373
4086,Interval,Exception,1754262312991972230,,,1754262339634562679,,26642.590449
4087,Interval,Exception,1754262339634573633,,,1754262365629603918,,25995.030285
4088,Interval,Exception,1754262365629612976,,,1754262391224176636,,25594.56366
4089,Interval,Exception,1754262391224193826,,,1754262417000285558,,25776.091732
4090,Interval,Exception,1754262417000296433,,,1754262442885567368,,25885.270935
4091,Interval,Exception,1754262442885575435,,,1754262468473900498,,25588.325063
4092,Interval,Exception,1754262468473909281,,,1754262494095565861,,25621.65658
4093,Interval,Exception,1754262494095577365,,,1754262519733642299,,25638.064934
4094,Interval,Exception,1754262519733650940,,,1754262545404076487,,25670.425547
4095,Interval,Exception,1754262545404085334,,,1754262571052349215,,25648.263881
4096,Interval,Exception,1754262571052359651,,,1754262596682555296,,25630.195645
4097,Interval,Exception,1754262596682564243,,,1754262622327989145,,25645.424902
4098,Interval,Exception,1754262622327998150,,,1754262647988520885,,25660.522735
4099,Interval,Exception,1754262647988529835,,,1754262673594888707,,25606.358872
4500,Union,ErrorReturn,1754263333000579654,,,1754263360545688549,,27545.108895
4501,Union,ErrorReturn,1754263360545697289,,,1754263387800845354,,27255.148065
4502,Union,ErrorReturn,1754263387800854169,,,1754263415613127100,,27812.272931
4503,Union,ErrorReturn,1754263415613136025,,,1754263444077943579,,28464.807554
4504,Union,ErrorReturn,1754263444077951541,,,1754263472082021512,,28004.069971
4505,Union,ErrorReturn,1754263472082029474,,,1754263500180179264,,28098.14979
4506,Union,ErrorReturn,1754263500180189474,,,1754263527733139282,,27552.949808
4507,Union,ErrorReturn,1754263527733145957,,,1754263554947773441,,27214.627484
4508,Union,ErrorReturn,1754263554947781751,,,1754263582266453339,,27318.671588
4509,Union,ErrorReturn,1754263582266463681,,,1754263609474093906,,27207.630225
4510,Union,ErrorReturn,1754263609474098917,,,1754263636724548519,,27250.449602
4511,Union,ErrorReturn,1754263636724558916,,,1754263664478354372,,27753.795456
4512,Union,ErrorReturn,1754263664478367052,,,1754263691719051931,,27240.684879
4513,Union,ErrorReturn,1754263691719059203,,,1754263719073152598,,27354.093395
4514,Union,ErrorReturn,1754263719073162320,,,1754263746492958717,,27419.796397
4515,Union,ErrorReturn,1754263746492968347,,,1754263774466602290,,27973.633943
4516,Union,ErrorReturn,1754263774466611744,,,1754263801788484826,,27321.873082
4517,Union,ErrorReturn,1754263801788495616,,,1754263829275602552,,27487.106936
4518,Union,ErrorReturn,1754263829275611771,,,1754263856664045468,,27388.433697
4519,Union,ErrorReturn,1754263856664056565,,,1754263883926710826,,27262.654261
4520,Union,ErrorReturn,1754263883926718716,,,1754263911670377426,,27743.65871
4521,Union,ErrorReturn,1754263911670386043,,,1754263939136408812,,27466.022769
4522,Union,ErrorReturn,1754263939136416030,,,1754263966376609667,,27240.193637
4523,Union,ErrorReturn,1754263966376617032,,,1754263993603735442,,27227.11841
4524,Union,ErrorReturn,1754263993603757600,,,1754264021466992663,,27863.235063
4525,Union,ErrorReturn,1754264021466999732,,,1754264048747230066,,27280.230334
4526,Union,ErrorReturn,1754264048747239924,,,1754264075950671806,,27203.431882
4527,Union,ErrorReturn,1754264075950682584,,,1754264103133573267,,27182.890683
4528,Union,ErrorReturn,1754264103133580749,,,1754264130413054833,,27279.474084
4529,Union,ErrorReturn,1754264130413064065,,,1754264157628444584,,27215.380519
4530,Union,ErrorReturn,1754264157628452438,,,1754264185270370626,,27641.918188
4531,Union,ErrorReturn,1754264185270379968,,,1754264212598320275,,27327.940307
4532,Union,ErrorReturn,1754264212598328889,,,1754264240348366551,,27750.037662
4533,Union,ErrorReturn,1754264240348376726,,,1754264268321732277,,27973.355551
4534,Union,ErrorReturn,1754264268321740268,,,1754264296354078206,,28032.337938
4535,Union,ErrorReturn,1754264296354087138,,,1754264323628586630,,27274.499492
4536,Union,ErrorReturn,1754264323628595637,,,1754264350784040714,,27155.445077
4537,Union,ErrorReturn,1754264350784048424,,,1754264378169300735,,27385.252311
4538,Union,ErrorReturn,1754264378169310572,,,1754264406470138160,,28300.827588
4539,Union,ErrorReturn,1754264406470149248,,,1754264434486384767,,28016.235519
4540,Union,ErrorReturn,1754264434486393891,,,1754264462560758291,,28074.3644
4541,Union,ErrorReturn,1754264462560767295,,,1754264489974419488,,27413.652193
4542,Union,ErrorReturn,1754264489974428985,,,1754264517321074263,,27346.645278
4543,Union,ErrorReturn,1754264517321084342,,,1754264545241960273,,27920.875931
4544,Union,ErrorReturn,1754264545241967795,,,1754264573421808704,,28179.840909
4545,Union,ErrorReturn,1754264573421817335,,,1754264601149748263,,27727.930928
4546,Union,ErrorReturn,1754264601149760783,,,1754264628901042183,,27751.2814
4547,Union,ErrorReturn,1754264628901051193,,,1754264656251625398,,27350.574205
4548,Union,ErrorReturn,1754264656251635306,,,1754264683409192727,,27157.557421
4549,Union,ErrorReturn,1754264683409200866,,,1754264711153837306,,27744.63644
4550,Union,ErrorReturn,1754264711153858791,,,1754264739179994581,,28026.13579
4551,Union,ErrorReturn,1754264739180004049,,,1754264766630599131,,27450.595082
4552,Union,ErrorReturn,1754264766630606396,,,1754264793811079079,,27180.472683
4553,Union,ErrorReturn,1754264793811085168,,,1754264821012101174,,27201.016006
4554,Union,ErrorReturn,1754264821012108660,,,1754264848185768195,,27173.659535
4555,Union,ErrorReturn,1754264848185779165,,,1754264875510381210,,27324.602045
4556,Union,ErrorReturn,1754264875510390410,,,1754264902737541614,,27227.151204
4557,Union,ErrorReturn,1754264902737550356,,,1754264930679404958,,27941.854602
4558,Union,ErrorReturn,1754264930679415602,,,1754264958047778498,,27368.362896
4559,Union,ErrorReturn,1754264958047786207,,,1754264985331007437,,27283.22123
4560,Union,ErrorReturn,1754264985331016920,,,1754265012566831627,,27235.814707
4561,Union,ErrorReturn,1754265012566842239,,,1754265039744027822,,27177.185583
4562,Union,ErrorReturn,1754265039744036368,,,1754265066924500182,,27180.463814
4563,Union,ErrorReturn,1754265066924507988,,,1754265094093291923,,27168.783935
4564,Union,ErrorReturn,1754265094093298693,,,1754265121310578602,,27217.279909
4565,Union,ErrorReturn,1754265121310586056,,,1754265148562486571,,27251.900515
4566,Union,ErrorReturn,1754265148562494777,,,1754265175749982173,,27187.487396
4567,Union,ErrorReturn,1754265175749992561,,,1754265202916277355,,27166.284794
4568,Union,ErrorReturn,1754265202916284673,,,1754265230043653349,,27127.368676
4569,Union,ErrorReturn,1754265230043661813,,,1754265257197324283,,27153.66247
4570,Union,ErrorReturn,1754265257197332715,,,1754265284382557688,,27185.224973
4571,Union,ErrorReturn,1754265284382564806,,,1754265311547936472,,27165.371666
4572,Union,ErrorReturn,1754265311547944889,,,1754265338741230021,,27193.285132
4573,Union,ErrorReturn,1754265338741242210,,,1754265366145019081,,27403.776871
4574,Union,ErrorReturn,1754265366145029088,,,1754265393854027314,,27708.998226
4575,Union,ErrorReturn,1754265393854039088,,,1754265421483193830,,27629.154742
4576,Union,ErrorReturn,1754265421483204112,,,1754265448703915048,,27220.710936
4577,Union,ErrorReturn,1754265448703923287,,,1754265475932876465,,27228.953178
4578,Union,ErrorReturn,1754265475932884415,,,1754265503623235716,,27690.351301
4579,Union,ErrorReturn,1754265503623242639,,,1754265532054487856,,28431.245217
4580,Union,ErrorReturn,1754265532054497251,,,1754265560415688558,,28361.191307
4581,Union,ErrorReturn,1754265560415695610,,,1754265588197347546,,27781.651936
4582,Union,ErrorReturn,1754265588197359903,,,1754265616101425775,,27904.065872
4583,Union,ErrorReturn,1754265616101434302,,,1754265643942511700,,27841.077398
4584,Union,ErrorReturn,1754265643942521765,,,1754265671707938064,,27765.416299
4585,Union,ErrorReturn,1754265671707947120,,,1754265699545068433,,27837.121313
4586,Union,ErrorReturn,1754265699545077131,,,1754265727993862684,,28448.785553
4587,Union,ErrorReturn,1754265727993871123,,,1754265755841134264,,27847.263141
4588,Union,ErrorReturn,1754265755841143080,,,1754265784141880613,,28300.737533
4589,Union,ErrorReturn,1754265784141889592,,,1754265812146157468,,28004.267876
4590,Union,ErrorReturn,1754265812146167369,,,1754265840070730392,,27924.563023
4591,Union,ErrorReturn,1754265840070741609,,,1754265867758654366,,27687.912757
4592,Union,ErrorReturn,1754265867758662996,,,1754265895518038027,,27759.375031
4593,Union,ErrorReturn,1754265895518048270,,,1754265922737463832,,27219.415562
4594,Union,ErrorReturn,1754265922737472479,,,1754265949884694936,,27147.222457
4595,Union,ErrorReturn,1754265949884704571,,,1754265977088024930,,27203.320359
4596,Union,ErrorReturn,1754265977088031997,,,1754266004728154893,,27640.122896
4597,Union,ErrorReturn,1754266004728163846,,,1754266032962018047,,28233.854201
4598,Union,ErrorReturn,1754266032962025417,,,1754266060416998634,,27454.973217
4599,Union,ErrorReturn,1754266060417007629,,,1754266087637214237,,27220.206608
5000,Union,Exception,1754266743447813662,,,1754266771357987201,,27910.173539
5001,Union,Exception,1754266771357995955,,,1754266798850593754,,27492.597799
5002,Union,Exception,1754266798850600791,,,1754266826296435340,,27445.834549
5003,Union,Exception,1754266826296440268,,,1754266853755789985,,27459.349717
5004,Union,Exception,1754266853755796194,,,1754266881314423766,,27558.627572
5005,Union,Exception,1754266881314432374,,,1754266908790822718,,27476.390344
5006,Union,Exception,1754266908790831406,,,1754266936285007983,,27494.176577
5007,Union,Exception,1754266936285015828,,,1754266963763453899,,27478.438071
5008,Union,Exception,1754266963763462170,,,1754266991190285294,,27426.823124
5009,Union,Exception,1754266991190293037,,,1754267018591291371,,27400.998334
5010,Union,Exception,1754267018591299548,,,1754267046031305890,,27440.006342
5011,Union,Exception,1754267046031326885,,,1754267073464941234,,27433.614349
5012,Union,Exception,1754267073464948770,,,1754267101487149555,,28022.200785
5013,Union,Exception,1754267101487156148,,,1754267129620707969,,28133.551821
5014,Union,Exception,1754267129620715850,,,1754267157648215770,,28027.49992
5015,Union,Exception,1754267157648223890,,,1754267186039593135,,28391.369245
5016,Union,Exception,1754267186039600892,,,1754267214074214764,,28034.613872
5017,Union,Exception,1754267214074221751,,,1754267242330545413,,28256.323662
5018,Union,Exception,1754267242330553855,,,1754267269911905668,,27581.351813
5019,Union,Exception,1754267269911915577,,,1754267298173458872,,28261.543295
5020,Union,Exception,1754267298173467116,,,1754267326561502484,,28388.035368
5021,Union,Exception,1754267326561509208,,,1754267355133751505,,28572.242297
5022,Union,Exception,1754267355133758443,,,1754267383333714241,,28199.955798
5023,Union,Exception,1754267383333723013,,,1754267410905432352,,27571.709339
5024,Union,Exception,1754267410905437732,,,1754267438888694996,,27983.257264
5025,Union,Exception,1754267438888703694,,,1754267466966938288,,28078.234594
5026,Union,Exception,1754267466966947685,,,1754267494400561111,,27433.613426
5027,Union,Exception,1754267494400568318,,,1754267522105012961,,27704.444643
5028,Union,Exception,1754267522105021837,,,1754267550228520820,,28123.498983
5029,Union,Exception,1754267550228530184,,,1754267578333404511,,28104.874327
5030,Union,Exception,1754267578333412711,,,1754267606259714530,,27926.301819
5031,Union,Exception,1754267606259722593,,,1754267634448432188,,28188.709595
5032,Union,Exception,1754267634448439738,,,1754267662945133462,,28496.693724
5033,Union,Exception,1754267662945140189,,,1754267691310473988,,28365.333799
5034,Union,Exception,1754267691310481659,,,1754267719136258840,,27825.777181
5035,Union,Exception,1754267719136269194,,,1754267746653559509,,27517.290315
5036,Union,Exception,1754267746653577799,,,1754267774133910138,,27480.332339
5037,Union,Exception,1754267774133916971,,,1754267801658064947,,27524.147976
5038,Union,Exception,1754267801658071181,,,1754267829128021098,,27469.949917
5039,Union,Exception,1754267829128029997,,,1754267856898639488,,27770.609491
5040,Union,Exception,1754267856898647628,,,1754267884838020787,,27939.373159
5041,Union,Exception,1754267884838029146,,,1754267912417346774,,27579.317628
5042,Union,Exception,1754267912417354980,,,1754267940384356352,,27967.001372
5043,Union,Exception,1754267940384366173,,,1754267968843661047,,28459.294874
5044,Union,Exception,1754267968843670201,,,1754267996864051020,,28020.380819
5045,Union,Exception,1754267996864060663,,,1754268025300304152,,28436.243489
5046,Union,Exception,1754268025300310078,,,1754268053186818456,,27886.508378
5047,Union,Exception,1754268053186828130,,,1754268080624761081,,27437.932951
5048,Union,Exception,1754268080624768735,,,1754268108123949984,,27499.181249
5049,Union,Exception,1754268108123958793,,,1754268135569177507,,27445.218714
5050,Union,Exception,1754268135569181877,,,1754268163198415334,,27629.233457
5051,Union,Exception,1754268163198423200,,,1754268191425099616,,28226.676416
5052,Union,Exception,1754268191425107292,,,1754268219083520498,,27658.413206
5053,Union,Exception,1754268219083529898,,,1754268246597875242,,27514.345344
5054,Union,Exception,1754268246597882699,,,1754268274296413068,,27698.530369
5055,Union,Exception,1754268274296422536,,,1754268302343309015,,28046.886479
5056,Union,Exception,1754268302343318340,,,1754268330368769095,,28025.450755
5057,Union,Exception,1754268330368777753,,,1754268358598970511,,28230.192758
5058,Union,Exception,1754268358598978437,,,1754268386567136722,,27968.158285
5059,Union,Exception,1754268386567145878,,,1754268414862171870,,28295.025992
5060,Union,Exception,1754268414862179143,,,1754268443379475808,,28517.296665
5061,Union,Exception,1754268443379483633,,,1754268471532592837,,28153.109204
5062,Union,Exception,1754268471532611933,,,1754268499659243705,,28126.631772
5063,Union,Exception,1754268499659250596,,,1754268528271738037,,28612.487441
5064,Union,Exception,1754268528271744793,,,1754268556380884452,,28109.139659
5065,Union,Exception,1754268556380892246,,,1754268584650605470,,28269.713224
5066,Union,Exception,1754268584650614274,,,1754268612733691004,,28083.07673
5067,Union,Exception,1754268612733699582,,,1754268640721302622,,27987.60304
5068,Union,Exception,1754268640721310189,,,1754268668731485932,,28010.175743
5069,Union,Exception,1754268668731493552,,,1754268697002991057,,28271.497505
5070,Union,Exception,1754268697003000364,,,1754268724632861996,,27629.861632
5071,Union,Exception,1754268724632871412,,,1754268752427602216,,27794.730804
5072,Union,Exception,1754268752427608778,,,1754268780676205911,,28248.597133
5073,Union,Exception,1754268780676214479,,,1754268808822394218,,28146.179739
5074,Union,Exception,1754268808822400851,,,1754268837071491669,,28249.090818
5075,Union,Exception,1754268837071499320,,,1754268864874306719,,27802.807399
5076,Union,Exception,1754268864874316012,,,1754268893032548354,,28158.232342
5077,Union,Exception,1754268893032558689,,,1754268920814741895,,27782.183206
5078,Union,Exception,1754268920814750084,,,1754268948312501213,,27497.751129
5079,Union,Exception,1754268948312509289,,,1754268976005563600,,27693.054311
5080,Union,Exception,1754268976005571618,,,1754269004231913647,,28226.342029
5081,Union,Exception,1754269004231923414,,,1754269032300648317,,28068.724903
5082,Union,Exception,1754269032300656750,,,1754269060394601409,,28093.944659
5083,Union,Exception,1754269060394610601,,,1754269088659828092,,28265.217491
5084,Union,Exception,1754269088659836643,,,1754269116770134797,,28110.298154
5085,Union,Exception,1754269116770142828,,,1754269144733688192,,27963.545364
5086,Union,Exception,1754269144733696501,,,1754269172446076592,,27712.380091
5087,Union,Exception,1754269172446097151,,,1754269199979287568,,27533.190417
5088,Union,Exception,1754269199979295736,,,1754269227540010775,,27560.715039
5089,Union,Exception,1754269227540018115,,,1754269255616236916,,28076.218801
5090,Union,Exception,1754269255616243709,,,1754269284027327025,,28411.083316
5091,Union,Exception,1754269284027331984,,,1754269312283734589,,28256.402605
5092,Union,Exception,1754269312283743241,,,1754269340558127716,,28274.384475
5093,Union,Exception,1754269340558136133,,,1754269368900046252,,28341.910119
5094,Union,Exception,1754269368900053022,,,1754269397296952101,,28396.899079
5095,Union,Exception,1754269397296963297,,,1754269425272055026,,27975.091729
5096,Union,Exception,1754269425272061027,,,1754269453549613627,,28277.5526
5097,Union,Exception,1754269453549618046,,,1754269481845640629,,28296.022583
5098,Union,Exception,1754269481845648789,,,1754269510210062213,,28364.413424
5099,Union,Exception,1754269510210067710,,,1754269538126052511,,27915.984801
