CancelType,CleanupType,ExecutionStarted,CancelRegistered,CancelInitiated,ExecutionFinished,CancelDelayMs
AtomicEnum,ErrorReturn,1753084559270051963,NA,NA,1753084587227942980,NA
AtomicEnum,ErrorReturn,1753084587227954467,NA,NA,1753084615464894642,NA
AtomicEnum,ErrorReturn,1753084615464900348,NA,NA,1753084643457021024,NA
AtomicEnum,ErrorReturn,1753084643457026029,NA,NA,1753084671094752970,NA
AtomicEnum,ErrorReturn,1753084671094758585,NA,NA,1753084698853315094,NA
AtomicEnum,ErrorReturn,1753084698853321625,NA,NA,1753084726472384308,NA
AtomicEnum,ErrorReturn,1753084726472390452,NA,NA,1753084754862086710,NA
AtomicEnum,ErrorReturn,1753084754862091929,NA,NA,1753084781638158979,NA
AtomicEnum,ErrorReturn,1753084781638166196,NA,NA,1753084807929961003,NA
AtomicEnum,ErrorReturn,1753084807929967118,NA,NA,1753084834244898375,NA
AtomicEnum,ErrorReturn,1753084834244965965,1753084834255205622,1753084834255206340,1753084834255206464,10
AtomicEnum,ErrorReturn,1753084834255371768,1753084834265566565,1753084834265567242,1753084834265567360,10
AtomicEnum,ErrorReturn,1753084834265763036,1753084834275942855,1753084834275943739,1753084834275943859,10
AtomicEnum,ErrorReturn,1753084834276130356,1753084834286221097,1753084834286221574,1753084834286221691,10
AtomicEnum,ErrorReturn,1753084834286386780,1753084834296473514,1753084834296474157,1753084834296474279,10
AtomicEnum,ErrorReturn,1753084834296513606,1753084834306603279,1753084834306603726,1753084834306603868,10
AtomicEnum,ErrorReturn,1753084834306656090,1753084834316744095,1753084834316744499,1753084834316744543,10
AtomicEnum,ErrorReturn,1753084834316780171,1753084834326867998,1753084834326868555,1753084834326868604,10
AtomicEnum,ErrorReturn,1753084834326909377,1753084834336994479,1753084834336994837,1753084834336994873,10
AtomicEnum,ErrorReturn,1753084834337030682,1753084834347117649,1753084834347118171,1753084834347118220,10
AtomicEnum,ErrorReturn,1753084834347158396,1753084834452258745,1753084834452259505,1753084834452259621,105
AtomicEnum,ErrorReturn,1753084834452295773,1753084834557478431,1753084834557479166,1753084834557479185,105
AtomicEnum,ErrorReturn,1753084834557514713,1753084834662710162,1753084834662711109,1753084834662711158,105
AtomicEnum,ErrorReturn,1753084834662748449,1753084834767929574,1753084834767930201,1753084834767930264,105
AtomicEnum,ErrorReturn,1753084834768063204,1753084834873243493,1753084834873244116,1753084834873244245,105
AtomicEnum,ErrorReturn,1753084834873286408,1753084834978472437,1753084834978473194,1753084834978473343,105
AtomicEnum,ErrorReturn,1753084834978518474,1753084835083688000,1753084835083688689,1753084835083688789,105
AtomicEnum,ErrorReturn,1753084835083736323,1753084835188910841,1753084835188911433,1753084835188911500,105
AtomicEnum,ErrorReturn,1753084835189019914,1753084835294197246,1753084835294197874,1753084835294198027,105
AtomicEnum,ErrorReturn,1753084835294243582,1753084835399424540,1753084835399425116,1753084835399425187,105
AtomicEnum,ErrorReturn,1753084835399467735,1753084837520631927,1753084837520632516,1753084837520632570,2121
AtomicEnum,ErrorReturn,1753084837520687209,1753084839641781282,1753084839641782396,1753084839641782699,2121
AtomicEnum,ErrorReturn,1753084839641844694,1753084841762945459,1753084841762946817,1753084841762947110,2121
AtomicEnum,ErrorReturn,1753084841763019888,1753084843884122538,1753084843884123553,1753084843884123854,2121
AtomicEnum,ErrorReturn,1753084843884180890,1753084846005354613,1753084846005355271,1753084846005355322,2121
AtomicEnum,ErrorReturn,1753084846005411470,1753084848126597271,1753084848126598184,1753084848126598203,2121
AtomicEnum,ErrorReturn,1753084848126677113,1753084850247907786,1753084850247910277,1753084850247910594,2121
AtomicEnum,ErrorReturn,1753084850248023058,1753084852369217426,1753084852369218901,1753084852369219350,2121
AtomicEnum,ErrorReturn,1753084852369284522,1753084854490379882,1753084854490381519,1753084854490381925,2121
AtomicEnum,ErrorReturn,1753084854490449508,1753084856611654246,1753084856611655169,1753084856611655445,2121
AtomicEnum,ErrorReturn,1753084856611726341,1753084860932841027,1753084860932843297,1753084860932843658,4321
AtomicEnum,ErrorReturn,1753084860932943783,1753084865254057244,1753084865254059284,1753084865254059902,4321
AtomicEnum,ErrorReturn,1753084865254218504,1753084869575315181,1753084869575316718,1753084869575317305,4321
AtomicEnum,ErrorReturn,1753084869575380130,1753084873896560254,1753084873896563012,1753084873896563341,4321
AtomicEnum,ErrorReturn,1753084873896756302,1753084878217953471,1753084878217954325,1753084878217954448,4321
AtomicEnum,ErrorReturn,1753084878218083423,1753084882539255142,1753084882539256860,1753084882539257226,4321
AtomicEnum,ErrorReturn,1753084882539409105,1753084886860510817,1753084886860512482,1753084886860512822,4321
AtomicEnum,ErrorReturn,1753084886860662398,1753084891181899247,1753084891181901637,1753084891181901970,4321
AtomicEnum,ErrorReturn,1753084891182047942,1753084895503235663,1753084895503237597,1753084895503238202,4321
AtomicEnum,ErrorReturn,1753084895503315003,1753084899824417364,1753084899824419588,1753084899824420195,4321
AtomicEnum,Exception,1753084899824515781,NA,NA,1753084927066851738,NA
AtomicEnum,Exception,1753084927066857816,NA,NA,1753084954709525175,NA
AtomicEnum,Exception,1753084954709532183,NA,NA,1753084982199422073,NA
AtomicEnum,Exception,1753084982199428205,NA,NA,1753085008372977302,NA
AtomicEnum,Exception,1753085008372983392,NA,NA,1753085035329371688,NA
AtomicEnum,Exception,1753085035329379849,NA,NA,1753085061516195872,NA
AtomicEnum,Exception,1753085061516201837,NA,NA,1753085087697465330,NA
AtomicEnum,Exception,1753085087697471156,NA,NA,1753085113856302613,NA
AtomicEnum,Exception,1753085113856315574,NA,NA,1753085140143456036,NA
AtomicEnum,Exception,1753085140143462252,NA,NA,1753085166282320711,NA
AtomicEnum,Exception,1753085166282355287,1753085166292539866,1753085166292540613,1753085166292610943,10
AtomicEnum,Exception,1753085166292639485,1753085166302732693,1753085166302733608,1753085166302739805,10
AtomicEnum,Exception,1753085166302786202,1753085166312968197,1753085166312968803,1753085166312974718,10
AtomicEnum,Exception,1753085166313029058,1753085166323111502,1753085166323112116,1753085166323117308,10
AtomicEnum,Exception,1753085166323145090,1753085166333247709,1753085166333248423,1753085166333252935,10
AtomicEnum,Exception,1753085166333308303,1753085166343386400,1753085166343386769,1753085166343390224,10
AtomicEnum,Exception,1753085166343417705,1753085166353520521,1753085166353521098,1753085166353525785,10
AtomicEnum,Exception,1753085166353567076,1753085166363638164,1753085166363638574,1753085166363643944,10
AtomicEnum,Exception,1753085166363670255,1753085166373759262,1753085166373759716,1753085166373763609,10
AtomicEnum,Exception,1753085166373798341,1753085166383869847,1753085166383870320,1753085166383873114,10
AtomicEnum,Exception,1753085166383894894,1753085166488989570,1753085166488990198,1753085166488994889,105
AtomicEnum,Exception,1753085166489031042,1753085166594201623,1753085166594202274,1753085166594207664,105
AtomicEnum,Exception,1753085166594246059,1753085166699475848,1753085166699476526,1753085166699481757,105
AtomicEnum,Exception,1753085166699519493,1753085166804720203,1753085166804720860,1753085166804726522,105
AtomicEnum,Exception,1753085166804879087,1753085166910032353,1753085166910032980,1753085166910040886,105
AtomicEnum,Exception,1753085166910076899,1753085167015254415,1753085167015254998,1753085167015258497,105
AtomicEnum,Exception,1753085167015308084,1753085167120477219,1753085167120477940,1753085167120480971,105
AtomicEnum,Exception,1753085167120624434,1753085167225809232,1753085167225809998,1753085167225817274,105
AtomicEnum,Exception,1753085167225853403,1753085167331027371,1753085167331028094,1753085167331033192,105
AtomicEnum,Exception,1753085167331071058,1753085167436242772,1753085167436243439,1753085167436247397,105
AtomicEnum,Exception,1753085167436282854,1753085169557480393,1753085169557481828,1753085169557499916,2121
AtomicEnum,Exception,1753085169557552944,1753085171678738849,1753085171678740176,1753085171678761961,2121
AtomicEnum,Exception,1753085171678832721,1753085173800030588,1753085173800032482,1753085173800057235,2121
AtomicEnum,Exception,1753085173800105553,1753085175921205304,1753085175921206260,1753085175921216199,2121
AtomicEnum,Exception,1753085175921290158,1753085178042387664,1753085178042388403,1753085178042397913,2121
AtomicEnum,Exception,1753085178042438369,1753085180163644239,1753085180163645796,1753085180163662914,2121
AtomicEnum,Exception,1753085180163829350,1753085182285017328,1753085182285018125,1753085182285028912,2121
AtomicEnum,Exception,1753085182285066958,1753085184406242716,1753085184406245137,1753085184406265315,2121
AtomicEnum,Exception,1753085184406408137,1753085186527606553,1753085186527607395,1753085186527617545,2121
AtomicEnum,Exception,1753085186527812271,1753085188649001623,1753085188649003231,1753085188649023278,2121
AtomicEnum,Exception,1753085188649057567,1753085192970171324,1753085192970172748,1753085192970195461,4321
AtomicEnum,Exception,1753085192970353385,1753085197291551757,1753085197291553404,1753085197291576986,4321
AtomicEnum,Exception,1753085197291628204,1753085201612865707,1753085201612868273,1753085201612894001,4321
AtomicEnum,Exception,1753085201613038993,1753085205934257499,1753085205934259348,1753085205934278381,4321
AtomicEnum,Exception,1753085205934444777,1753085210255552304,1753085210255554253,1753085210255580836,4321
AtomicEnum,Exception,1753085210255680548,1753085214576894449,1753085214576895554,1753085214576922181,4321
AtomicEnum,Exception,1753085214576959731,1753085218898183254,1753085218898185965,1753085218898212297,4321
AtomicEnum,Exception,1753085218898262398,1753085223219476047,1753085223219477114,1753085223219495941,4321
AtomicEnum,Exception,1753085223219543362,1753085227540728865,1753085227540730093,1753085227540750779,4321
AtomicEnum,Exception,1753085227540805148,1753085231861917979,1753085231861921067,1753085231861948104,4321
FunctionExchange,ErrorReturn,1753085231861988600,NA,NA,1753085259422439712,NA
FunctionExchange,ErrorReturn,1753085259422446392,NA,NA,1753085286364608636,NA
FunctionExchange,ErrorReturn,1753085286364616047,NA,NA,1753085313555389110,NA
FunctionExchange,ErrorReturn,1753085313555397178,NA,NA,1753085340261934598,NA
FunctionExchange,ErrorReturn,1753085340261942034,NA,NA,1753085366963707879,NA
FunctionExchange,ErrorReturn,1753085366963713826,NA,NA,1753085393575932545,NA
FunctionExchange,ErrorReturn,1753085393575940104,NA,NA,1753085420343373989,NA
FunctionExchange,ErrorReturn,1753085420343382542,NA,NA,1753085447106852554,NA
FunctionExchange,ErrorReturn,1753085447106868021,NA,NA,1753085473830482437,NA
FunctionExchange,ErrorReturn,1753085473830488432,NA,NA,1753085500499713251,NA
FunctionExchange,ErrorReturn,1753085500499751813,1753085500509938472,1753085500509940242,1753085500509940330,10
FunctionExchange,ErrorReturn,1753085500510015838,1753085500520217642,1753085500520218792,1753085500520218850,10
FunctionExchange,ErrorReturn,1753085500520281983,1753085500530374922,1753085500530376124,1753085500530376162,10
FunctionExchange,ErrorReturn,1753085500530417513,1753085500540519549,1753085500540521031,1753085500540521056,10
FunctionExchange,ErrorReturn,1753085500540564038,1753085500550656764,1753085500550657893,1753085500550657927,10
FunctionExchange,ErrorReturn,1753085500550700883,1753085500560790840,1753085500560791786,1753085500560791834,10
FunctionExchange,ErrorReturn,1753085500560838966,1753085500570914262,1753085500570920573,1753085500570920631,10
FunctionExchange,ErrorReturn,1753085500570946609,1753085500581035635,1753085500581036688,1753085500581036726,10
FunctionExchange,ErrorReturn,1753085500581078256,1753085500591174568,1753085500591175736,1753085500591175759,10
FunctionExchange,ErrorReturn,1753085500591222012,1753085500601309097,1753085500601310403,1753085500601310427,10
FunctionExchange,ErrorReturn,1753085500601350666,1753085500706448148,1753085500706449508,1753085500706449556,105
FunctionExchange,ErrorReturn,1753085500706492077,1753085500811677471,1753085500811678868,1753085500811678906,105
FunctionExchange,ErrorReturn,1753085500811716415,1753085500916888942,1753085500916890092,1753085500916890124,105
FunctionExchange,ErrorReturn,1753085500916932597,1753085501022119295,1753085501022120639,1753085501022120686,105
FunctionExchange,ErrorReturn,1753085501022159773,1753085501127334103,1753085501127335600,1753085501127335624,105
FunctionExchange,ErrorReturn,1753085501127376735,1753085501232567203,1753085501232568546,1753085501232568598,105
FunctionExchange,ErrorReturn,1753085501232610906,1753085501337908375,1753085501337909118,1753085501337909151,105
FunctionExchange,ErrorReturn,1753085501337936685,1753085501443106677,1753085501443107815,1753085501443107855,105
FunctionExchange,ErrorReturn,1753085501443144127,1753085501548337475,1753085501548338595,1753085501548338621,105
FunctionExchange,ErrorReturn,1753085501548387114,1753085501653568640,1753085501653569982,1753085501653570022,105
FunctionExchange,ErrorReturn,1753085501653607059,1753085503774795665,1753085503774798118,1753085503774798206,2121
FunctionExchange,ErrorReturn,1753085503774855774,1753085505896043698,1753085505896045426,1753085505896045461,2121
FunctionExchange,ErrorReturn,1753085505896105867,1753085508017282947,1753085508017284346,1753085508017284391,2121
FunctionExchange,ErrorReturn,1753085508017333740,1753085510138513824,1753085510138525170,1753085510138525476,2121
FunctionExchange,ErrorReturn,1753085510138584564,1753085512259682965,1753085512259684429,1753085512259684558,2121
FunctionExchange,ErrorReturn,1753085512259738443,1753085514380931744,1753085514380934068,1753085514380934118,2121
FunctionExchange,ErrorReturn,1753085514380991697,1753085516502176266,1753085516502178423,1753085516502178697,2121
FunctionExchange,ErrorReturn,1753085516502269488,1753085518623370077,1753085518623371661,1753085518623371723,2121
FunctionExchange,ErrorReturn,1753085518623424041,1753085520744529303,1753085520744531399,1753085520744531714,2121
FunctionExchange,ErrorReturn,1753085520744599324,1753085522865788624,1753085522865790040,1753085522865790112,2121
FunctionExchange,ErrorReturn,1753085522865840438,1753085527187041032,1753085527187043392,1753085527187043756,4321
FunctionExchange,ErrorReturn,1753085527187122222,1753085531508310159,1753085531508312780,1753085531508313123,4321
FunctionExchange,ErrorReturn,1753085531508391541,1753085535829501213,1753085535829504043,1753085535829504455,4321
FunctionExchange,ErrorReturn,1753085535829579981,1753085540150691851,1753085540150695065,1753085540150695154,4321
FunctionExchange,ErrorReturn,1753085540150771515,1753085544471884748,1753085544471887841,1753085544471887912,4321
FunctionExchange,ErrorReturn,1753085544471956765,1753085548793065527,1753085548793068749,1753085548793069036,4321
FunctionExchange,ErrorReturn,1753085548793136683,1753085553114244501,1753085553114253242,1753085553114253324,4321
FunctionExchange,ErrorReturn,1753085553114304614,1753085557435480381,1753085557435482595,1753085557435482905,4321
FunctionExchange,ErrorReturn,1753085557435553338,1753085561756747200,1753085561756750102,1753085561756750145,4321
FunctionExchange,ErrorReturn,1753085561756836370,1753085566077962916,1753085566077965585,1753085566077965629,4321
FunctionExchange,Exception,1753085566078029977,NA,NA,1753085592849138566,NA
FunctionExchange,Exception,1753085592849143739,NA,NA,1753085619550388441,NA
FunctionExchange,Exception,1753085619550393625,NA,NA,1753085646138113403,NA
FunctionExchange,Exception,1753085646138117420,NA,NA,1753085672724813900,NA
FunctionExchange,Exception,1753085672724817530,NA,NA,1753085699441042816,NA
FunctionExchange,Exception,1753085699441048312,NA,NA,1753085726203350242,NA
FunctionExchange,Exception,1753085726203354932,NA,NA,1753085752948982094,NA
FunctionExchange,Exception,1753085752948986678,NA,NA,1753085779687182565,NA
FunctionExchange,Exception,1753085779687186917,NA,NA,1753085806363768793,NA
FunctionExchange,Exception,1753085806363772414,NA,NA,1753085833082425302,NA
FunctionExchange,Exception,1753085833082488601,1753085833092677408,1753085833092678465,1753085833092702826,10
FunctionExchange,Exception,1753085833092736909,1753085833102903548,1753085833102904957,1753085833102910310,10
FunctionExchange,Exception,1753085833102948126,1753085833113053467,1753085833113054588,1753085833113057523,10
FunctionExchange,Exception,1753085833113095615,1753085833123184511,1753085833123185484,1753085833123188378,10
FunctionExchange,Exception,1753085833123242650,1753085833133331013,1753085833133332232,1753085833133335010,10
FunctionExchange,Exception,1753085833133373889,1753085833143460811,1753085833143461990,1753085833143464781,10
FunctionExchange,Exception,1753085833143499114,1753085833153587653,1753085833153588602,1753085833153591327,10
FunctionExchange,Exception,1753085833153647524,1753085833163737710,1753085833163738794,1753085833163741694,10
FunctionExchange,Exception,1753085833163775877,1753085833173863648,1753085833173864659,1753085833173867414,10
FunctionExchange,Exception,1753085833173904596,1753085833183991304,1753085833183992406,1753085833183995153,10
FunctionExchange,Exception,1753085833184029186,1753085833289132931,1753085833289134242,1753085833289137070,105
FunctionExchange,Exception,1753085833289175414,1753085833394364088,1753085833394365331,1753085833394374956,105
FunctionExchange,Exception,1753085833394401903,1753085833499572486,1753085833499573781,1753085833499578455,105
FunctionExchange,Exception,1753085833499611557,1753085833604821753,1753085833604823082,1753085833604829337,105
FunctionExchange,Exception,1753085833604868986,1753085833710024474,1753085833710026441,1753085833710045670,105
FunctionExchange,Exception,1753085833710180907,1753085833815399062,1753085833815400319,1753085833815407982,105
FunctionExchange,Exception,1753085833815458495,1753085833920660147,1753085833920661999,1753085833920666441,105
FunctionExchange,Exception,1753085833920704942,1753085834025936789,1753085834025937945,1753085834025942035,105
FunctionExchange,Exception,1753085834025976480,1753085834131150467,1753085834131151544,1753085834131157824,105
FunctionExchange,Exception,1753085834131298140,1753085834236447001,1753085834236448076,1753085834236457615,105
FunctionExchange,Exception,1753085834236490303,1753085836357680300,1753085836357681487,1753085836357691557,2121
FunctionExchange,Exception,1753085836357741161,1753085838478929740,1753085838478930968,1753085838478940591,2121
FunctionExchange,Exception,1753085838478975944,1753085840600164002,1753085840600166307,1753085840600187449,2121
FunctionExchange,Exception,1753085840600240265,1753085842721423591,1753085842721424692,1753085842721435190,2121
FunctionExchange,Exception,1753085842721491575,1753085844842683683,1753085844842686882,1753085844842709691,2121
FunctionExchange,Exception,1753085844842751359,1753085846963944050,1753085846963945557,1753085846963960280,2121
FunctionExchange,Exception,1753085846964159562,1753085849085261118,1753085849085263232,1753085849085284742,2121
FunctionExchange,Exception,1753085849085333096,1753085851206434793,1753085851206436132,1753085851206444423,2121
FunctionExchange,Exception,1753085851206491264,1753085853327686457,1753085853327687601,1753085853327696688,2121
FunctionExchange,Exception,1753085853327756125,1753085855448950501,1753085855448953012,1753085855448971856,2121
FunctionExchange,Exception,1753085855449160331,1753085859770336000,1753085859770339196,1753085859770362202,4321
FunctionExchange,Exception,1753085859770422654,1753085864091528345,1753085864091530490,1753085864091551390,4321
FunctionExchange,Exception,1753085864091598986,1753085868412756147,1753085868412757756,1753085868412779680,4321
FunctionExchange,Exception,1753085868412826719,1753085872733948966,1753085872733952486,1753085872733972942,4321
FunctionExchange,Exception,1753085872734048606,1753085877055252398,1753085877055254857,1753085877055270027,4321
FunctionExchange,Exception,1753085877055325798,1753085881376437865,1753085881376441424,1753085881376461000,4321
FunctionExchange,Exception,1753085881376536686,1753085885697649052,1753085885697652482,1753085885697673314,4321
FunctionExchange,Exception,1753085885697815829,1753085890018980767,1753085890018983607,1753085890019011478,4321
FunctionExchange,Exception,1753085890019056623,1753085894340167748,1753085894340170829,1753085894340191140,4321
FunctionExchange,Exception,1753085894340257373,1753085898661372356,1753085898661374993,1753085898661394048,4321
FunctionPointerExchange,ErrorReturn,1753085898661430824,NA,NA,1753085924807530341,NA
FunctionPointerExchange,ErrorReturn,1753085924807535815,NA,NA,1753085950918438624,NA
FunctionPointerExchange,ErrorReturn,1753085950918443828,NA,NA,1753085977029351522,NA
FunctionPointerExchange,ErrorReturn,1753085977029356351,NA,NA,1753086003151530496,NA
FunctionPointerExchange,ErrorReturn,1753086003151535535,NA,NA,1753086029287726391,NA
FunctionPointerExchange,ErrorReturn,1753086029287731236,NA,NA,1753086055438551063,NA
FunctionPointerExchange,ErrorReturn,1753086055438556451,NA,NA,1753086081563828628,NA
FunctionPointerExchange,ErrorReturn,1753086081563833456,NA,NA,1753086107678055721,NA
FunctionPointerExchange,ErrorReturn,1753086107678060043,NA,NA,1753086133784886010,NA
FunctionPointerExchange,ErrorReturn,1753086133784894520,NA,NA,1753086159879248513,NA
FunctionPointerExchange,ErrorReturn,1753086159879294775,1753086159889479273,1753086159889480155,1753086159889480225,10
FunctionPointerExchange,ErrorReturn,1753086159889637786,1753086159899827516,1753086159899828246,1753086159899828313,10
FunctionPointerExchange,ErrorReturn,1753086159899887365,1753086159910059180,1753086159910059833,1753086159910059909,10
FunctionPointerExchange,ErrorReturn,1753086159910196551,1753086159920355226,1753086159920355885,1753086159920356005,10
FunctionPointerExchange,ErrorReturn,1753086159920507191,1753086159930597711,1753086159930598287,1753086159930598406,10
FunctionPointerExchange,ErrorReturn,1753086159930657284,1753086159940748556,1753086159940749029,1753086159940749092,10
FunctionPointerExchange,ErrorReturn,1753086159940789248,1753086159950864922,1753086159950865324,1753086159950865378,10
FunctionPointerExchange,ErrorReturn,1753086159950998607,1753086159961074043,1753086159961074569,1753086159961074696,10
FunctionPointerExchange,ErrorReturn,1753086159961249211,1753086159971420417,1753086159971421012,1753086159971421081,10
FunctionPointerExchange,ErrorReturn,1753086159971562588,1753086159981636928,1753086159981637293,1753086159981637411,10
FunctionPointerExchange,ErrorReturn,1753086159981664756,1753086160086773295,1753086160086773860,1753086160086774015,105
FunctionPointerExchange,ErrorReturn,1753086160086821347,1753086160191988610,1753086160191989185,1753086160191989232,105
FunctionPointerExchange,ErrorReturn,1753086160192029295,1753086160297209324,1753086160297210091,1753086160297210192,105
FunctionPointerExchange,ErrorReturn,1753086160297254031,1753086160402425113,1753086160402425727,1753086160402425776,105
FunctionPointerExchange,ErrorReturn,1753086160402462500,1753086160507639319,1753086160507639941,1753086160507640038,105
FunctionPointerExchange,ErrorReturn,1753086160507678558,1753086160612861604,1753086160612862330,1753086160612862390,105
FunctionPointerExchange,ErrorReturn,1753086160612902207,1753086160718081094,1753086160718081637,1753086160718081674,105
FunctionPointerExchange,ErrorReturn,1753086160718120602,1753086160823297500,1753086160823298192,1753086160823298284,105
FunctionPointerExchange,ErrorReturn,1753086160823336370,1753086160928525335,1753086160928525968,1753086160928526014,105
FunctionPointerExchange,ErrorReturn,1753086160928563029,1753086161033737856,1753086161033738419,1753086161033738439,105
FunctionPointerExchange,ErrorReturn,1753086161033790558,1753086163154981546,1753086163154982335,1753086163154982376,2121
FunctionPointerExchange,ErrorReturn,1753086163155030302,1753086165276220752,1753086165276222324,1753086165276222382,2121
FunctionPointerExchange,ErrorReturn,1753086165276289346,1753086167397465642,1753086167397466268,1753086167397466360,2121
FunctionPointerExchange,ErrorReturn,1753086167397516905,1753086169518746190,1753086169518748134,1753086169518748225,2121
FunctionPointerExchange,ErrorReturn,1753086169518842375,1753086171640039952,1753086171640040761,1753086171640040872,2121
FunctionPointerExchange,ErrorReturn,1753086171640122702,1753086173761320994,1753086173761323007,1753086173761323294,2121
FunctionPointerExchange,ErrorReturn,1753086173761436223,1753086175882537705,1753086175882538666,1753086175882538736,2121
FunctionPointerExchange,ErrorReturn,1753086175882593260,1753086178003776686,1753086178003777698,1753086178003777990,2121
FunctionPointerExchange,ErrorReturn,1753086178003854128,1753086180125036214,1753086180125038579,1753086180125038938,2121
FunctionPointerExchange,ErrorReturn,1753086180125121985,1753086182246300895,1753086182246301639,1753086182246301677,2121
FunctionPointerExchange,ErrorReturn,1753086182246353023,1753086186567550267,1753086186567551658,1753086186567551711,4321
FunctionPointerExchange,ErrorReturn,1753086186567617393,1753086190888809274,1753086190888810723,1753086190888811047,4321
FunctionPointerExchange,ErrorReturn,1753086190888888511,1753086195210111977,1753086195210112814,1753086195210112879,4321
FunctionPointerExchange,ErrorReturn,1753086195210178661,1753086199531389686,1753086199531393109,1753086199531393196,4321
FunctionPointerExchange,ErrorReturn,1753086199531474356,1753086203852666500,1753086203852668485,1753086203852668872,4321
FunctionPointerExchange,ErrorReturn,1753086203852849954,1753086208174026913,1753086208174027756,1753086208174027850,4321
FunctionPointerExchange,ErrorReturn,1753086208174168826,1753086212495273149,1753086212495275022,1753086212495275591,4321
FunctionPointerExchange,ErrorReturn,1753086212495358985,1753086216816466053,1753086216816467570,1753086216816468126,4321
FunctionPointerExchange,ErrorReturn,1753086216816571378,1753086221137702897,1753086221137704510,1753086221137705170,4321
FunctionPointerExchange,ErrorReturn,1753086221137883679,1753086225459057206,1753086225459060310,1753086225459060954,4321
FunctionPointerExchange,Exception,1753086225459192242,NA,NA,1753086251624700572,NA
FunctionPointerExchange,Exception,1753086251624708395,NA,NA,1753086278202801875,NA
FunctionPointerExchange,Exception,1753086278202809070,NA,NA,1753086305328676622,NA
FunctionPointerExchange,Exception,1753086305328685433,NA,NA,1753086332465019185,NA
FunctionPointerExchange,Exception,1753086332465026302,NA,NA,1753086359595917616,NA
FunctionPointerExchange,Exception,1753086359595925958,NA,NA,1753086386688275149,NA
FunctionPointerExchange,Exception,1753086386688283472,NA,NA,1753086413807454862,NA
FunctionPointerExchange,Exception,1753086413807474642,NA,NA,1753086440897808309,NA
FunctionPointerExchange,Exception,1753086440897815984,NA,NA,1753086467996889538,NA
FunctionPointerExchange,Exception,1753086467996896566,NA,NA,1753086495062099037,NA
FunctionPointerExchange,Exception,1753086495062139797,1753086495072312685,1753086495072313372,1753086495072337778,10
FunctionPointerExchange,Exception,1753086495072371533,1753086495082555686,1753086495082556444,1753086495082559759,10
FunctionPointerExchange,Exception,1753086495082609846,1753086495092710584,1753086495092711074,1753086495092714157,10
FunctionPointerExchange,Exception,1753086495092755772,1753086495102846707,1753086495102847150,1753086495102850264,10
FunctionPointerExchange,Exception,1753086495102887730,1753086495112979347,1753086495112979870,1753086495112982901,10
FunctionPointerExchange,Exception,1753086495113023025,1753086495123097540,1753086495123098117,1753086495123101290,10
FunctionPointerExchange,Exception,1753086495123139598,1753086495133214832,1753086495133215419,1753086495133218757,10
FunctionPointerExchange,Exception,1753086495133241895,1753086495143314691,1753086495143315084,1753086495143318024,10
FunctionPointerExchange,Exception,1753086495143341295,1753086495153415422,1753086495153415874,1753086495153418782,10
FunctionPointerExchange,Exception,1753086495153443359,1753086495163547881,1753086495163548447,1753086495163551382,10
FunctionPointerExchange,Exception,1753086495163585646,1753086495268677519,1753086495268678121,1753086495268681193,105
FunctionPointerExchange,Exception,1753086495268715786,1753086495373895357,1753086495373895990,1753086495373900122,105
FunctionPointerExchange,Exception,1753086495373933534,1753086495479106761,1753086495479107470,1753086495479112932,105
FunctionPointerExchange,Exception,1753086495479147383,1753086495584331012,1753086495584331638,1753086495584335004,105
FunctionPointerExchange,Exception,1753086495584367656,1753086495689548008,1753086495689548713,1753086495689551698,105
FunctionPointerExchange,Exception,1753086495689587629,1753086495794756325,1753086495794756923,1753086495794762188,105
FunctionPointerExchange,Exception,1753086495794795884,1753086495899992750,1753086495899993521,1753086495899996589,105
FunctionPointerExchange,Exception,1753086495900030619,1753086496005199509,1753086496005200282,1753086496005211954,105
FunctionPointerExchange,Exception,1753086496005241643,1753086496110433187,1753086496110434038,1753086496110439575,105
FunctionPointerExchange,Exception,1753086496110481585,1753086496215671678,1753086496215672367,1753086496215676414,105
FunctionPointerExchange,Exception,1753086496215790745,1753086498336965860,1753086498336966670,1753086498336976161,2121
FunctionPointerExchange,Exception,1753086498337131632,1753086500458228998,1753086500458230261,1753086500458246599,2121
FunctionPointerExchange,Exception,1753086500458298088,1753086502579393296,1753086502579393960,1753086502579401369,2121
FunctionPointerExchange,Exception,1753086502579559365,1753086504700658212,1753086504700660326,1753086504700679480,2121
FunctionPointerExchange,Exception,1753086504700724145,1753086506821824722,1753086506821825664,1753086506821834728,2121
FunctionPointerExchange,Exception,1753086506821882544,1753086508943089121,1753086508943090399,1753086508943109627,2121
FunctionPointerExchange,Exception,1753086508943151682,1753086511064336559,1753086511064337443,1753086511064352091,2121
FunctionPointerExchange,Exception,1753086511064402119,1753086513185503348,1753086513185504222,1753086513185517096,2121
FunctionPointerExchange,Exception,1753086513185600534,1753086515306721807,1753086515306723034,1753086515306743975,2121
FunctionPointerExchange,Exception,1753086515306787637,1753086517427876863,1753086517427877708,1753086517427886234,2121
FunctionPointerExchange,Exception,1753086517428070599,1753086521749164018,1753086521749166365,1753086521749192550,4321
FunctionPointerExchange,Exception,1753086521749242296,1753086526070338995,1753086526070341072,1753086526070365695,4321
FunctionPointerExchange,Exception,1753086526070430800,1753086530391528628,1753086530391530136,1753086530391553307,4321
FunctionPointerExchange,Exception,1753086530391596515,1753086534712700850,1753086534712702660,1753086534712726757,4321
FunctionPointerExchange,Exception,1753086534712773559,1753086539033888454,1753086539033891663,1753086539033917822,4321
FunctionPointerExchange,Exception,1753086539033961301,1753086543355059932,1753086543355061547,1753086543355081508,4321
FunctionPointerExchange,Exception,1753086543355139937,1753086547676245273,1753086547676247581,1753086547676273439,4321
FunctionPointerExchange,Exception,1753086547676345132,1753086551997442305,1753086551997444284,1753086551997468685,4321
FunctionPointerExchange,Exception,1753086551997518592,1753086556318633807,1753086556318635826,1753086556318662898,4321
FunctionPointerExchange,Exception,1753086556318699678,1753086560639808648,1753086560639811175,1753086560639840507,4321
FunctionPointerExchangeCallConv,ErrorReturn,1753086560639864956,NA,NA,1753086588056426083,NA
FunctionPointerExchangeCallConv,ErrorReturn,1753086588056434238,NA,NA,1753086615474826470,NA
FunctionPointerExchangeCallConv,ErrorReturn,1753086615474832724,NA,NA,1753086642928233236,NA
FunctionPointerExchangeCallConv,ErrorReturn,1753086642928241044,NA,NA,1753086670333032395,NA
FunctionPointerExchangeCallConv,ErrorReturn,1753086670333040224,NA,NA,1753086697799631355,NA
FunctionPointerExchangeCallConv,ErrorReturn,1753086697799637893,NA,NA,1753086725294302342,NA
FunctionPointerExchangeCallConv,ErrorReturn,1753086725294309492,NA,NA,1753086752789655042,NA
FunctionPointerExchangeCallConv,ErrorReturn,1753086752789662836,NA,NA,1753086780243513694,NA
FunctionPointerExchangeCallConv,ErrorReturn,1753086780243521124,NA,NA,1753086807635557829,NA
FunctionPointerExchangeCallConv,ErrorReturn,1753086807635566363,NA,NA,1753086835111422174,NA
FunctionPointerExchangeCallConv,ErrorReturn,1753086835111480190,1753086835121661516,1753086835121662285,1753086835121662343,10
FunctionPointerExchangeCallConv,ErrorReturn,1753086835121717419,1753086835131908827,1753086835131909525,1753086835131909579,10
FunctionPointerExchangeCallConv,ErrorReturn,1753086835131957261,1753086835142049046,1753086835142049485,1753086835142049536,10
FunctionPointerExchangeCallConv,ErrorReturn,1753086835142086515,1753086835152174951,1753086835152175404,1753086835152175432,10
FunctionPointerExchangeCallConv,ErrorReturn,1753086835152211682,1753086835162295107,1753086835162295493,1753086835162295525,10
FunctionPointerExchangeCallConv,ErrorReturn,1753086835162335431,1753086835172423865,1753086835172424338,1753086835172424381,10
FunctionPointerExchangeCallConv,ErrorReturn,1753086835172464160,1753086835182551785,1753086835182552209,1753086835182552227,10
FunctionPointerExchangeCallConv,ErrorReturn,1753086835182595787,1753086835192692837,1753086835192693261,1753086835192693281,10
FunctionPointerExchangeCallConv,ErrorReturn,1753086835192728341,1753086835202817630,1753086835202818092,1753086835202818111,10
FunctionPointerExchangeCallConv,ErrorReturn,1753086835202864729,1753086835212953072,1753086835212953620,1753086835212953639,10
FunctionPointerExchangeCallConv,ErrorReturn,1753086835212995711,1753086835318094613,1753086835318095230,1753086835318095248,105
FunctionPointerExchangeCallConv,ErrorReturn,1753086835318131844,1753086835423330196,1753086835423330814,1753086835423330860,105
FunctionPointerExchangeCallConv,ErrorReturn,1753086835423373191,1753086835528550770,1753086835528551495,1753086835528551513,105
FunctionPointerExchangeCallConv,ErrorReturn,1753086835528588878,1753086835633775410,1753086835633775966,1753086835633775985,105
FunctionPointerExchangeCallConv,ErrorReturn,1753086835633813339,1753086835739012658,1753086835739013436,1753086835739013479,105
FunctionPointerExchangeCallConv,ErrorReturn,1753086835739051219,1753086835844237320,1753086835844238221,1753086835844238240,105
FunctionPointerExchangeCallConv,ErrorReturn,1753086835844277422,1753086835949453721,1753086835949454477,1753086835949454568,105
FunctionPointerExchangeCallConv,ErrorReturn,1753086835949492651,1753086836054689920,1753086836054690668,1753086836054690831,105
FunctionPointerExchangeCallConv,ErrorReturn,1753086836054846140,1753086836160036743,1753086836160037396,1753086836160037415,105
FunctionPointerExchangeCallConv,ErrorReturn,1753086836160087584,1753086836265261779,1753086836265262395,1753086836265262424,105
FunctionPointerExchangeCallConv,ErrorReturn,1753086836265304658,1753086838386476185,1753086838386477150,1753086838386477247,2121
FunctionPointerExchangeCallConv,ErrorReturn,1753086838386538459,1753086840507760182,1753086840507762693,1753086840507763109,2121
FunctionPointerExchangeCallConv,ErrorReturn,1753086840507842893,1753086842629039168,1753086842629040086,1753086842629040227,2121
FunctionPointerExchangeCallConv,ErrorReturn,1753086842629157095,1753086844750312858,1753086844750314366,1753086844750314688,2121
FunctionPointerExchangeCallConv,ErrorReturn,1753086844750383681,1753086846871481004,1753086846871481954,1753086846871482037,2121
FunctionPointerExchangeCallConv,ErrorReturn,1753086846871626413,1753086848992761243,1753086848992762810,1753086848992763234,2121
FunctionPointerExchangeCallConv,ErrorReturn,1753086848992838156,1753086851113957962,1753086851113958857,1753086851113959235,2121
FunctionPointerExchangeCallConv,ErrorReturn,1753086851114100523,1753086853235200543,1753086853235201413,1753086853235201543,2121
FunctionPointerExchangeCallConv,ErrorReturn,1753086853235263835,1753086855356449888,1753086855356451562,1753086855356452141,2121
FunctionPointerExchangeCallConv,ErrorReturn,1753086855356626830,1753086857477836709,1753086857477837544,1753086857477837634,2121
FunctionPointerExchangeCallConv,ErrorReturn,1753086857477976066,1753086861799135550,1753086861799137583,1753086861799138203,4321
FunctionPointerExchangeCallConv,ErrorReturn,1753086861799279962,1753086866120382599,1753086866120384887,1753086866120385433,4321
FunctionPointerExchangeCallConv,ErrorReturn,1753086866120530079,1753086870441639148,1753086870441640830,1753086870441641097,4321
FunctionPointerExchangeCallConv,ErrorReturn,1753086870441711499,1753086874762947542,1753086874762949351,1753086874762949940,4321
FunctionPointerExchangeCallConv,ErrorReturn,1753086874763137576,1753086879084329613,1753086879084331499,1753086879084332142,4321
FunctionPointerExchangeCallConv,ErrorReturn,1753086879084411886,1753086883405511221,1753086883405512500,1753086883405512868,4321
FunctionPointerExchangeCallConv,ErrorReturn,1753086883405581847,1753086887726741439,1753086887726743656,1753086887726744241,4321
FunctionPointerExchangeCallConv,ErrorReturn,1753086887726827626,1753086892047954554,1753086892047956967,1753086892047957302,4321
FunctionPointerExchangeCallConv,ErrorReturn,1753086892048048365,1753086896369241060,1753086896369243177,1753086896369243660,4321
FunctionPointerExchangeCallConv,ErrorReturn,1753086896369309931,1753086900690433151,1753086900690436647,1753086900690437244,4321
Interval,ErrorReturn,1753086900690576731,NA,NA,1753086927303303881,NA
Interval,ErrorReturn,1753086927303312632,NA,NA,1753086953587941233,NA
Interval,ErrorReturn,1753086953587952418,NA,NA,1753086980269970754,NA
Interval,ErrorReturn,1753086980269980157,NA,NA,1753087006557327591,NA
Interval,ErrorReturn,1753087006557335601,NA,NA,1753087032849084782,NA
Interval,ErrorReturn,1753087032849089393,NA,NA,1753087059010416069,NA
Interval,ErrorReturn,1753087059010420341,NA,NA,1753087085351780537,NA
Interval,ErrorReturn,1753087085351784151,NA,NA,1753087111568424692,NA
Interval,ErrorReturn,1753087111568427927,NA,NA,1753087137967092344,NA
Interval,ErrorReturn,1753087137967096947,NA,NA,1753087164235136212,NA
Interval,ErrorReturn,1753087164235175671,1753087164245361904,1753087164251832736,1753087164251832795,10
Interval,ErrorReturn,1753087164251843628,1753087164261998613,1753087164268527709,1753087164268527745,10
Interval,ErrorReturn,1753087164268540138,1753087164278632548,1753087164285221826,1753087164285221852,10
Interval,ErrorReturn,1753087164285233122,1753087164295324798,1753087164301915852,1753087164301915891,10
Interval,ErrorReturn,1753087164301926280,1753087164311998133,1753087164318609887,1753087164318609915,10
Interval,ErrorReturn,1753087164318625512,1753087164328816696,1753087164335303996,1753087164335304024,10
Interval,ErrorReturn,1753087164335312640,1753087164345495049,1753087164351998054,1753087164351998094,10
Interval,ErrorReturn,1753087164352011229,1753087164362102663,1753087164368692094,1753087164368692148,10
Interval,ErrorReturn,1753087164368706404,1753087164378877658,1753087164385386359,1753087164385386379,10
Interval,ErrorReturn,1753087164385395559,1753087164395571736,1753087164402080366,1753087164402080385,10
Interval,ErrorReturn,1753087164402091972,1753087164507205527,1753087164518936035,1753087164518936060,105
Interval,ErrorReturn,1753087164518947143,1753087164624050745,1753087164635791922,1753087164635791965,105
Interval,ErrorReturn,1753087164635805525,1753087164740907049,1753087164752647439,1753087164752647496,105
Interval,ErrorReturn,1753087164752661479,1753087164857762879,1753087164869505139,1753087164869505179,105
Interval,ErrorReturn,1753087164869515304,1753087164974636995,1753087164986360765,1753087164986360791,105
Interval,ErrorReturn,1753087164986373588,1753087165091477359,1753087165103216877,1753087165103216920,105
Interval,ErrorReturn,1753087165103225684,1753087165208347597,1753087165220072812,1753087165220072864,105
Interval,ErrorReturn,1753087165220084768,1753087165325190210,1753087165336928517,1753087165336928565,105
Interval,ErrorReturn,1753087165336941425,1753087165442045379,1753087165453783895,1753087165453783924,105
Interval,ErrorReturn,1753087165453793751,1753087165558897597,1753087165570639863,1753087165570639897,105
Interval,ErrorReturn,1753087165570651441,1753087167691823885,1753087167707422286,1753087167707422355,2121
Interval,ErrorReturn,1753087167707446661,1753087169828589317,1753087169844207972,1753087169844208046,2121
Interval,ErrorReturn,1753087169844228443,1753087171965339001,1753087171980990686,1753087171980990736,2121
Interval,ErrorReturn,1753087171981021846,1753087174102144062,1753087174117771866,1753087174117771962,2121
Interval,ErrorReturn,1753087174117794281,1753087176238901595,1753087176254554842,1753087176254554906,2121
Interval,ErrorReturn,1753087176254573917,1753087178375676949,1753087178391339745,1753087178391339784,2121
Interval,ErrorReturn,1753087178391359820,1753087180512471232,1753087180528127187,1753087180528127233,2121
Interval,ErrorReturn,1753087180528154121,1753087182649264440,1753087182664909011,1753087182664909048,2121
Interval,ErrorReturn,1753087182664928114,1753087184786105935,1753087184801690741,1753087184801690797,2121
Interval,ErrorReturn,1753087184801708691,1753087186922818278,1753087186938475344,1753087186938475389,2121
Interval,ErrorReturn,1753087186938491949,1753087191259640472,1753087191262121236,1753087191262121796,4321
Interval,ErrorReturn,1753087191262167318,1753087195583385270,1753087195585773201,1753087195585773267,4321
Interval,ErrorReturn,1753087195585805584,1753087199907002535,1753087199909418814,1753087199909418871,4321
Interval,ErrorReturn,1753087199909449907,1753087204230647494,1753087204233068763,1753087204233069060,4321
Interval,ErrorReturn,1753087204233089464,1753087208554296845,1753087208556719981,1753087208556720286,4321
Interval,ErrorReturn,1753087208556740835,1753087212877958508,1753087212880365721,1753087212880365970,4321
Interval,ErrorReturn,1753087212880393504,1753087217201575636,1753087217204014978,1753087217204015044,4321
Interval,ErrorReturn,1753087217204037317,1753087221525230313,1753087221527659828,1753087221527659910,4321
Interval,ErrorReturn,1753087221527684747,1753087225848847975,1753087225851304181,1753087225851304228,4321
Interval,ErrorReturn,1753087225851324754,1753087230172510265,1753087230174954018,1753087230174954077,4321
Interval,Exception,1753087230174975646,NA,NA,1753087257099094361,NA
Interval,Exception,1753087257099103284,NA,NA,1753087283756512050,NA
Interval,Exception,1753087283756521060,NA,NA,1753087310011910978,NA
Interval,Exception,1753087310011919480,NA,NA,1753087336200380897,NA
Interval,Exception,1753087336200386753,NA,NA,1753087362373837458,NA
Interval,Exception,1753087362373844444,NA,NA,1753087388476617288,NA
Interval,Exception,1753087388476624512,NA,NA,1753087414647920559,NA
Interval,Exception,1753087414647926939,NA,NA,1753087440760523956,NA
Interval,Exception,1753087440760532605,NA,NA,1753087466858634635,NA
Interval,Exception,1753087466858643237,NA,NA,1753087493010905494,NA
Interval,Exception,1753087493010960113,1753087493021143343,1753087493027606279,1753087493027638098,10
Interval,Exception,1753087493027653410,1753087493037829039,1753087493044332886,1753087493044338477,10
Interval,Exception,1753087493044357853,1753087493054465928,1753087493061032474,1753087493061038117,10
Interval,Exception,1753087493061052080,1753087493071159459,1753087493077732405,1753087493077737771,10
Interval,Exception,1753087493077750740,1753087493087853177,1753087493094432118,1753087493094437701,10
Interval,Exception,1753087493094451005,1753087493104559468,1753087493111131956,1753087493111137081,10
Interval,Exception,1753087493111150833,1753087493121335520,1753087493127831229,1753087493127835859,10
Interval,Exception,1753087493127849405,1753087493138028873,1753087493144530129,1753087493144535023,10
Interval,Exception,1753087493144545886,1753087493154627241,1753087493161229036,1753087493161234023,10
Interval,Exception,1753087493161247356,1753087493171453510,1753087493177928195,1753087493177932433,10
Interval,Exception,1753087493177942875,1753087493283117169,1753087493294788288,1753087493294792028,105
Interval,Exception,1753087493294803502,1753087493399976195,1753087493411648379,1753087493411654125,105
Interval,Exception,1753087493411665006,1753087493516768521,1753087493528510022,1753087493528513887,105
Interval,Exception,1753087493528527462,1753087493633630469,1753087493645370002,1753087493645373917,105
Interval,Exception,1753087493645385804,1753087493750483004,1753087493762230241,1753087493762234942,105
Interval,Exception,1753087493762249055,1753087493867352847,1753087493879091871,1753087493879096251,105
Interval,Exception,1753087493879108424,1753087493984212462,1753087493995952366,1753087493995955339,105
Interval,Exception,1753087493995967953,1753087494101071728,1753087494112811174,1753087494112816566,105
Interval,Exception,1753087494112827857,1753087494217931629,1753087494229672127,1753087494229675617,105
Interval,Exception,1753087494229687141,1753087494334793251,1753087494346531248,1753087494346535780,105
Interval,Exception,1753087494346549495,1753087496467661628,1753087496483320024,1753087496483326681,2121
Interval,Exception,1753087496483343681,1753087498604455054,1753087498620111071,1753087498620116283,2121
Interval,Exception,1753087498620130370,1753087500741240614,1753087500756904279,1753087500756911742,2121
Interval,Exception,1753087500756946249,1753087502878062505,1753087502893699537,1753087502893708445,2121
Interval,Exception,1753087502893731198,1753087505014846192,1753087505030494582,1753087505030500821,2121
Interval,Exception,1753087505030520628,1753087507151650901,1753087507167286549,1753087507167294611,2121
Interval,Exception,1753087507167311477,1753087509288525959,1753087509304083408,1753087509304096519,2121
Interval,Exception,1753087509304117977,1753087511425226278,1753087511440883407,1753087511440889007,2121
Interval,Exception,1753087511440903501,1753087513562013958,1753087513577674111,1753087513577680982,2121
Interval,Exception,1753087513577705336,1753087515698981204,1753087515714468282,1753087515714474644,2121
Interval,Exception,1753087515714501755,1753087520035746696,1753087520038126938,1753087520038135315,4321
Interval,Exception,1753087520038162053,1753087524359359748,1753087524361789127,1753087524361794771,4321
Interval,Exception,1753087524361829588,1753087528683009853,1753087528685447847,1753087528685455799,4321
Interval,Exception,1753087528685478913,1753087533006686470,1753087533009115606,1753087533009122273,4321
Interval,Exception,1753087533009145397,1753087537330335812,1753087537332777177,1753087537332784262,4321
Interval,Exception,1753087537332806453,1753087541653988285,1753087541656435925,1753087541656442810,4321
Interval,Exception,1753087541656474565,1753087545977672050,1753087545980095557,1753087545980105169,4321
Interval,Exception,1753087545980133233,1753087550301311680,1753087550303759753,1753087550303769758,4321
Interval,Exception,1753087550303806730,1753087554624994611,1753087554627423829,1753087554627432545,4321
Interval,Exception,1753087554627460163,1753087558948661602,1753087558951085310,1753087558951092862,4321
Union,ErrorReturn,1753087558951115917,NA,NA,1753087585635017914,NA
Union,ErrorReturn,1753087585635024964,NA,NA,1753087612707731580,NA
Union,ErrorReturn,1753087612707740257,NA,NA,1753087640036148570,NA
Union,ErrorReturn,1753087640036155393,NA,NA,1753087666745432130,NA
Union,ErrorReturn,1753087666745440110,NA,NA,1753087693448294276,NA
Union,ErrorReturn,1753087693448302775,NA,NA,1753087720147301124,NA
Union,ErrorReturn,1753087720147308190,NA,NA,1753087746848407028,NA
Union,ErrorReturn,1753087746848412335,NA,NA,1753087773528407898,NA
Union,ErrorReturn,1753087773528414066,NA,NA,1753087800235193976,NA
Union,ErrorReturn,1753087800235200094,NA,NA,1753087826919969785,NA
Union,ErrorReturn,1753087826920006615,1753087826930177037,1753087826930186019,1753087826930186167,10
Union,ErrorReturn,1753087826930252010,1753087826940431228,1753087826940438688,1753087826940438854,10
Union,ErrorReturn,1753087826940480416,1753087826950571844,1753087826950578941,1753087826950579007,10
Union,ErrorReturn,1753087826950621008,1753087826960737232,1753087826960745291,1753087826960745436,10
Union,ErrorReturn,1753087826960778853,1753087826970871830,1753087826970879131,1753087826970879191,10
Union,ErrorReturn,1753087826970917779,1753087826981002853,1753087826981009734,1753087826981009806,10
Union,ErrorReturn,1753087826981058176,1753087826991147144,1753087826991154392,1753087826991154452,10
Union,ErrorReturn,1753087826991192282,1753087827001278566,1753087827001285752,1753087827001285818,10
Union,ErrorReturn,1753087827001319471,1753087827011421987,1753087827011430180,1753087827011430249,10
Union,ErrorReturn,1753087827011467578,1753087827021556717,1753087827021564324,1753087827021564392,10
Union,ErrorReturn,1753087827021605187,1753087827126716566,1753087827126724622,1753087827126724762,105
Union,ErrorReturn,1753087827126759609,1753087827231971875,1753087827231979326,1753087827231979460,105
Union,ErrorReturn,1753087827232013581,1753087827337186187,1753087827337195013,1753087827337195147,105
Union,ErrorReturn,1753087827337246619,1753087827442443199,1753087827442450576,1753087827442450716,105
Union,ErrorReturn,1753087827442484618,1753087827547656070,1753087827547663644,1753087827547663705,105
Union,ErrorReturn,1753087827547698767,1753087827652873031,1753087827652881455,1753087827652881515,105
Union,ErrorReturn,1753087827652919297,1753087827758096077,1753087827758103832,1753087827758103968,105
Union,ErrorReturn,1753087827758137946,1753087827863309787,1753087827863317374,1753087827863317515,105
Union,ErrorReturn,1753087827863349812,1753087827968520088,1753087827968527793,1753087827968527854,105
Union,ErrorReturn,1753087827968563108,1753087828073732588,1753087828073740030,1753087828073740169,105
Union,ErrorReturn,1753087828073775415,1753087830194970794,1753087830194979967,1753087830194980036,2121
Union,ErrorReturn,1753087830195064329,1753087832316163494,1753087832316171755,1753087832316171818,2121
Union,ErrorReturn,1753087832316246385,1753087834437352221,1753087834437361568,1753087834437361885,2121
Union,ErrorReturn,1753087834437418778,1753087836558610932,1753087836558636844,1753087836558636917,2121
Union,ErrorReturn,1753087836558679307,1753087838679872331,1753087838679881843,1753087838679882436,2121
Union,ErrorReturn,1753087838680032992,1753087840801221433,1753087840801236014,1753087840801236537,2121
Union,ErrorReturn,1753087840801398419,1753087842922600579,1753087842922608840,1753087842922608970,2121
Union,ErrorReturn,1753087842922668322,1753087845043851737,1753087845043860896,1753087845043861283,2121
Union,ErrorReturn,1753087845044005458,1753087847165201956,1753087847165213824,1753087847165214011,2121
Union,ErrorReturn,1753087847165332670,1753087849286443473,1753087849286455065,1753087849286455742,2121
Union,ErrorReturn,1753087849286609208,1753087853607747611,1753087853607760700,1753087853607761069,4321
Union,ErrorReturn,1753087853607843674,1753087857928953659,1753087857928970073,1753087857928970474,4321
Union,ErrorReturn,1753087857929128256,1753087862250239196,1753087862250254577,1753087862250255244,4321
Union,ErrorReturn,1753087862250416514,1753087866571656788,1753087866571667898,1753087866571668550,4321
Union,ErrorReturn,1753087866571837286,1753087870893018477,1753087870893031431,1753087870893031921,4321
Union,ErrorReturn,1753087870893093411,1753087875214249832,1753087875214259589,1753087875214260268,4321
Union,ErrorReturn,1753087875214331836,1753087879535438110,1753087879535449322,1753087879535449907,4321
Union,ErrorReturn,1753087879535506378,1753087883856711824,1753087883856722700,1753087883856722780,4321
Union,ErrorReturn,1753087883856790535,1753087888177989774,1753087888177999339,1753087888177999760,4321
Union,ErrorReturn,1753087888178129764,1753087892499247272,1753087892499256566,1753087892499257169,4321
Union,Exception,1753087892499414282,NA,NA,1753087919336889275,NA
Union,Exception,1753087919336898844,NA,NA,1753087946159977961,NA
Union,Exception,1753087946159984799,NA,NA,1753087972981718644,NA
Union,Exception,1753087972981725359,NA,NA,1753087999809811631,NA
Union,Exception,1753087999809818945,NA,NA,1753088027128528365,NA
Union,Exception,1753088027128536540,NA,NA,1753088054994603142,NA
Union,Exception,1753088054994610960,NA,NA,1753088082872203626,NA
Union,Exception,1753088082872208863,NA,NA,1753088110741024255,NA
Union,Exception,1753088110741032593,NA,NA,1753088138571707023,NA
Union,Exception,1753088138571715365,NA,NA,1753088166425505013,NA
Union,Exception,1753088166425548349,1753088166435732934,1753088166435741954,1753088166435765733,10
Union,Exception,1753088166435789219,1753088166445960950,1753088166445971561,1753088166445978860,10
Union,Exception,1753088166446025320,1753088166456119086,1753088166456128046,1753088166456134865,10
Union,Exception,1753088166456178223,1753088166466274559,1753088166466281581,1753088166466284971,10
Union,Exception,1753088166466318118,1753088166476461071,1753088166476468073,1753088166476473115,10
Union,Exception,1753088166476515488,1753088166486604383,1753088166486615070,1753088166486620960,10
Union,Exception,1753088166486667968,1753088166496759377,1753088166496766927,1753088166496771744,10
Union,Exception,1753088166496809814,1753088166506896355,1753088166506903736,1753088166506908393,10
Union,Exception,1753088166506938881,1753088166517032856,1753088166517040337,1753088166517045857,10
Union,Exception,1753088166517076241,1753088166527165094,1753088166527172360,1753088166527176873,10
Union,Exception,1753088166527212380,1753088166632322461,1753088166632331587,1753088166632342252,105
Union,Exception,1753088166632372687,1753088166737549295,1753088166737557146,1753088166737561807,105
Union,Exception,1753088166737593134,1753088166842763358,1753088166842771221,1753088166842774955,105
Union,Exception,1753088166842806248,1753088166947981423,1753088166947988809,1753088166947991918,105
Union,Exception,1753088166948021638,1753088167053213496,1753088167053220839,1753088167053224871,105
Union,Exception,1753088167053255268,1753088167158430782,1753088167158438284,1753088167158441435,105
Union,Exception,1753088167158471043,1753088167263642645,1753088167263650138,1753088167263653175,105
Union,Exception,1753088167263683595,1753088167368853328,1753088167368860618,1753088167368863663,105
Union,Exception,1753088167368893542,1753088167474066152,1753088167474073690,1753088167474076980,105
Union,Exception,1753088167474108376,1753088167579289634,1753088167579296813,1753088167579299882,105
Union,Exception,1753088167579329716,1753088169700557428,1753088169700566868,1753088169700588804,2121
Union,Exception,1753088169700638202,1753088171821900437,1753088171821906061,1753088171821912724,2121
Union,Exception,1753088171821938866,1753088173943134846,1753088173943143609,1753088173943160654,2121
Union,Exception,1753088173943196986,1753088176064373172,1753088176064381439,1753088176064390023,2121
Union,Exception,1753088176064440889,1753088178185635062,1753088178185643288,1753088178185651716,2121
Union,Exception,1753088178185696190,1753088180306891071,1753088180306901965,1753088180306923071,2121
Union,Exception,1753088180306983980,1753088182428190978,1753088182428198209,1753088182428203137,2121
Union,Exception,1753088182428239186,1753088184549440857,1753088184549450310,1753088184549468593,2121
Union,Exception,1753088184549517468,1753088186670693355,1753088186670700752,1753088186670705920,2121
Union,Exception,1753088186670744451,1753088188791926171,1753088188791934882,1753088188791954237,2121
Union,Exception,1753088188791994121,1753088193113168965,1753088193113176478,1753088193113189143,4321
Union,Exception,1753088193113226271,1753088197434460400,1753088197434469782,1753088197434489575,4321
Union,Exception,1753088197434538293,1753088201755724610,1753088201755735541,1753088201755761630,4321
Union,Exception,1753088201755820922,1753088206076932414,1753088206076943436,1753088206076966139,4321
Union,Exception,1753088206077019388,1753088210398127378,1753088210398138877,1753088210398170390,4321
Union,Exception,1753088210398216621,1753088214719327784,1753088214719338102,1753088214719362517,4321
Union,Exception,1753088214719399359,1753088219040632620,1753088219040642127,1753088219040669315,4321
Union,Exception,1753088219040716853,1753088223361898441,1753088223361907545,1753088223361925980,4321
Union,Exception,1753088223361980936,1753088227683248865,1753088227683258710,1753088227683283586,4321
Union,Exception,1753088227683328726,1753088232004524490,1753088232004534309,1753088232004560748,4321
